"../../../Engine/Plugins/2D/Paper2D/Content/PlaceholderTextures/DummySpriteTexture.ubulk" 0
"../../../Engine/Plugins/2D/Paper2D/Content/PlaceholderTextures/DummySpriteTexture.uexp" 1
"../../../Engine/Plugins/2D/Paper2D/Content/PlaceholderTextures/DummySpriteTexture.uasset" 2
"../../../Engine/Plugins/2D/Paper2D/Content/DummySprite.uasset" 3
"../../../Engine/Plugins/2D/Paper2D/Content/DummySprite.uexp" 4
"../../../Engine/Plugins/2D/Paper2D/Content/DefaultPaperTerrainMaterial.uexp" 5
"../../../Engine/Plugins/2D/Paper2D/Content/DefaultPaperTerrainMaterial.uasset" 6
"../../../Engine/Content/Animation/DefaultRecorderBoneCompression.uexp" 7
"../../../Engine/Content/Animation/DefaultRecorderBoneCompression.uasset" 8
"../../../Engine/Content/EngineFonts/Faces/DroidSansFallback.uasset" 9
"../../../Engine/Content/EngineFonts/Faces/DroidSansFallback.ufont" 10
"../../../Engine/Content/EngineFonts/Faces/DroidSansFallback.uexp" 11
"../../../Engine/Content/EngineFonts/Faces/RobotoBold.ufont" 12
"../../../Engine/Content/EngineFonts/Faces/RobotoBold.uasset" 13
"../../../Engine/Content/EngineFonts/Faces/RobotoBold.uexp" 14
"../../../Engine/Content/EngineFonts/Faces/RobotoItalic.ufont" 15
"../../../Engine/Content/EngineFonts/Faces/RobotoItalic.uasset" 16
"../../../Engine/Content/EngineFonts/Faces/RobotoItalic.uexp" 17
"../../../Engine/Content/EngineFonts/Faces/RobotoRegular.uasset" 18
"../../../Engine/Content/EngineFonts/Faces/RobotoRegular.uexp" 19
"../../../Engine/Content/EngineFonts/Faces/RobotoRegular.ufont" 20
"../../../Engine/Content/EngineFonts/Faces/RobotoLight.ufont" 21
"../../../Engine/Content/EngineFonts/Faces/RobotoLight.uasset" 22
"../../../Engine/Content/EngineFonts/Faces/RobotoLight.uexp" 23
"../../../Engine/Content/EngineFonts/Faces/RobotoBoldItalic.uasset" 24
"../../../Engine/Content/EngineFonts/Faces/RobotoBoldItalic.uexp" 25
"../../../Engine/Content/EngineFonts/Faces/RobotoBoldItalic.ufont" 26
"../../../Engine/Content/EngineFonts/Roboto.uasset" 27
"../../../Engine/Content/EngineFonts/Roboto.uexp" 28
"../../../Engine/Content/EngineMaterials/DefaultDestructiblePhysicalMaterial.uasset" 29
"../../../Engine/Content/EngineMaterials/DefaultDestructiblePhysicalMaterial.uexp" 30
"../../../Engine/Content/EngineMaterials/DefaultPhysicalMaterial.uasset" 31
"../../../Engine/Content/EngineMaterials/DefaultPhysicalMaterial.uexp" 32
"../../../Engine/Content/EngineSounds/Master.uexp" 33
"../../../Engine/Content/EngineSounds/Master.uasset" 34
"../../../Engine/Plugins/Animation/ControlRig/Content/Controls/DefaultGizmoLibraryNormalized.uexp" 35
"../../../Engine/Plugins/Animation/ControlRig/Content/Controls/DefaultGizmoLibraryNormalized.uasset" 36
"../../../Engine/Plugins/Interchange/Runtime/Content/Pipelines/DefaultTexturePipeline.uasset" 37
"../../../Engine/Plugins/Interchange/Runtime/Content/Pipelines/DefaultTexturePipeline.uexp" 38
"../../../Engine/Plugins/Interchange/Runtime/Content/Pipelines/DefaultGLTFSceneAssetsPipeline.uexp" 39
"../../../Engine/Plugins/Interchange/Runtime/Content/Pipelines/DefaultGLTFSceneAssetsPipeline.uasset" 40
"../../../Engine/Plugins/Interchange/Runtime/Content/Pipelines/DefaultMaterialPipeline.uasset" 41
"../../../Engine/Plugins/Interchange/Runtime/Content/Pipelines/DefaultMaterialPipeline.uexp" 42
"../../../Engine/Plugins/Interchange/Runtime/Content/Pipelines/DefaultSceneAssetsPipeline.uasset" 43
"../../../Engine/Plugins/Interchange/Runtime/Content/Pipelines/DefaultSceneAssetsPipeline.uexp" 44
"../../../Engine/Content/MobileResources/HUD/VirtualJoystick_Thumb.uasset" 45
"../../../Engine/Content/MobileResources/HUD/VirtualJoystick_Thumb.uexp" 46
"../../../Engine/Content/MobileResources/HUD/VirtualJoystick_Background.uexp" 47
"../../../Engine/Content/MobileResources/HUD/VirtualJoystick_Background.uasset" 48
"../../../Engine/Content/MobileResources/HUD/DefaultVirtualJoysticks.uasset" 49
"../../../Engine/Content/MobileResources/HUD/DefaultVirtualJoysticks.uexp" 50
"../../../Engine/Plugins/2D/Paper2D/Content/DefaultSpriteMaterial.uexp" 51
"../../../Engine/Plugins/2D/Paper2D/Content/DefaultSpriteMaterial.uasset" 52
"../../../Engine/Plugins/2D/Paper2D/Content/OpaqueUnlitSpriteMaterial.uasset" 53
"../../../Engine/Plugins/2D/Paper2D/Content/OpaqueUnlitSpriteMaterial.uexp" 54
"../../../Engine/Content/EngineMaterials/T_Default_Material_Grid_N.uasset" 55
"../../../Engine/Content/EngineMaterials/T_Default_Material_Grid_N.uexp" 56
"../../../Engine/Content/EngineMaterials/T_Default_Material_Grid_N.ubulk" 57
"../../../Engine/Content/EngineMaterials/T_Default_Material_Grid_M.uasset" 58
"../../../Engine/Content/EngineMaterials/T_Default_Material_Grid_M.ubulk" 59
"../../../Engine/Content/EngineMaterials/T_Default_Material_Grid_M.uexp" 60
"../../../Engine/Content/Functions/Engine_MaterialFunctions01/Opacity/CameraDepthFade.uexp" 61
"../../../Engine/Content/Functions/Engine_MaterialFunctions01/Opacity/CameraDepthFade.uasset" 62
"../../../Engine/Content/EngineMaterials/WorldGridMaterial.uexp" 63
"../../../Engine/Content/EngineMaterials/WorldGridMaterial.uasset" 64
"../../../Engine/Plugins/Media/MediaPlate/Content/SM_MediaPlateScreen.ubulk" 65
"../../../Engine/Plugins/Media/MediaPlate/Content/SM_MediaPlateScreen.uasset" 66
"../../../Engine/Plugins/Media/MediaPlate/Content/SM_MediaPlateScreen.uexp" 67
"../../../Engine/Plugins/2D/Paper2D/Content/MaskedUnlitSpriteMaterial.uexp" 68
"../../../Engine/Plugins/2D/Paper2D/Content/MaskedUnlitSpriteMaterial.uasset" 69
"../../../Engine/Content/EditorLandscapeResources/DefaultAlphaTexture.uexp" 70
"../../../Engine/Content/EditorLandscapeResources/DefaultAlphaTexture.uasset" 71
"../../../Engine/Content/Functions/Engine_MaterialFunctions03/Math/WithinRangeFloat2.uexp" 72
"../../../Engine/Content/Functions/Engine_MaterialFunctions03/Math/WithinRangeFloat2.uasset" 73
"../../../Engine/Content/EditorLandscapeResources/WhiteSquareTexture.uexp" 74
"../../../Engine/Content/EditorLandscapeResources/WhiteSquareTexture.uasset" 75
"../../../Engine/Content/EditorLandscapeResources/SelectBrushMaterial.uexp" 76
"../../../Engine/Content/EditorLandscapeResources/SelectBrushMaterial.uasset" 77
"../../../Engine/Content/EditorLandscapeResources/SelectBrushMaterial_Selected.uexp" 78
"../../../Engine/Content/EditorLandscapeResources/SelectBrushMaterial_Selected.uasset" 79
"../../../Engine/Content/Functions/Engine_MaterialFunctions02/WorldPositionOffset/CameraOffset.uexp" 80
"../../../Engine/Content/Functions/Engine_MaterialFunctions02/WorldPositionOffset/CameraOffset.uasset" 81
"../../../Engine/Plugins/Animation/ControlRig/Content/M_Manip.uasset" 82
"../../../Engine/Plugins/Animation/ControlRig/Content/M_Manip.uexp" 83
"../../../Engine/Plugins/NNE/NNEDenoiser/Content/NNEDIM_HighQuality_Alpha.uasset" 84
"../../../Engine/Plugins/NNE/NNEDenoiser/Content/NNEDIM_HighQuality_Alpha.uexp" 85
"../../../Engine/Plugins/NNE/NNEDenoiser/Content/NNED_Oidn2-3_Fast_Alpha.uasset" 86
"../../../Engine/Plugins/NNE/NNEDenoiser/Content/NNED_Oidn2-3_Fast_Alpha.uexp" 87
"../../../Engine/Plugins/NNE/NNEDenoiser/Content/NNE_oidn2-3-0_rt_hdr_alb_nrm_small__dyn__fp16_opset11_DenoiseAlpha.uasset" 88
"../../../Engine/Plugins/NNE/NNEDenoiser/Content/NNE_oidn2-3-0_rt_hdr_alb_nrm_small__dyn__fp16_opset11_DenoiseAlpha.uexp" 89
"../../../Engine/Plugins/NNE/NNEDenoiser/Content/NNEDTIM_ColorAlbedoNormal_Default.uasset" 90
"../../../Engine/Plugins/NNE/NNEDenoiser/Content/NNEDTIM_ColorAlbedoNormal_Default.uexp" 91
"../../../Engine/Plugins/NNE/NNEDenoiser/Content/NNEDT_Oidn2-3_Balanced_Alpha.uasset" 92
"../../../Engine/Plugins/NNE/NNEDenoiser/Content/NNEDT_Oidn2-3_Balanced_Alpha.uexp" 93
"../../../Engine/Plugins/NNE/NNEDenoiser/Content/NNE_oidn2-3-0_rt_hdr_calb_cnrm_large__dyn__fp16_opset11_ForwardAlpha.uasset" 94
"../../../Engine/Plugins/NNE/NNEDenoiser/Content/NNE_oidn2-3-0_rt_hdr_calb_cnrm_large__dyn__fp16_opset11_ForwardAlpha.uexp" 95
"../../../Engine/Plugins/NNE/NNEDenoiser/Content/NNEDIM_ColorAlbedoNormal_Default.uexp" 96
"../../../Engine/Plugins/NNE/NNEDenoiser/Content/NNEDIM_ColorAlbedoNormal_Default.uasset" 97
"../../../Engine/Plugins/NNE/NNEDenoiser/Content/NNEDOM_Output_Default.uasset" 98
"../../../Engine/Plugins/NNE/NNEDenoiser/Content/NNEDOM_Output_Default.uexp" 99
"../../../Engine/Plugins/NNE/NNEDenoiser/Content/NNE_oidn2-3-0_rt_hdr_alb_nrm__dyn__fp16_opset11_ForwardAlpha.uasset" 100
"../../../Engine/Plugins/NNE/NNEDenoiser/Content/NNE_oidn2-3-0_rt_hdr_alb_nrm__dyn__fp16_opset11_ForwardAlpha.uexp" 101
"../../../Engine/Plugins/NNE/NNEDenoiser/Content/NNEDOM_Output_Alpha.uasset" 102
"../../../Engine/Plugins/NNE/NNEDenoiser/Content/NNEDOM_Output_Alpha.uexp" 103
"../../../Engine/Plugins/NNE/NNEDenoiser/Content/NNED_Oidn2-3_HighQuality_Alpha.uasset" 104
"../../../Engine/Plugins/NNE/NNEDenoiser/Content/NNED_Oidn2-3_HighQuality_Alpha.uexp" 105
"../../../Engine/Plugins/NNE/NNEDenoiser/Content/NNEDIM_ColorAlbedoNormal_Alpha.uasset" 106
"../../../Engine/Plugins/NNE/NNEDenoiser/Content/NNEDIM_ColorAlbedoNormal_Alpha.uexp" 107
"../../../Engine/Plugins/NNE/NNEDenoiser/Content/NNEDT_Oidn2-3_Balanced.uexp" 108
"../../../Engine/Plugins/NNE/NNEDenoiser/Content/NNEDT_Oidn2-3_Balanced.uasset" 109
"../../../Engine/Plugins/NNE/NNEDenoiser/Content/NNED_Oidn2-3_Fast.uasset" 110
"../../../Engine/Plugins/NNE/NNEDenoiser/Content/NNED_Oidn2-3_Fast.uexp" 111
"../../../Engine/Content/EditorLandscapeResources/SelectBrushMaterial_SelectedRegion.uasset" 112
"../../../Engine/Content/EditorLandscapeResources/SelectBrushMaterial_SelectedRegion.uexp" 113
"../../../Engine/Plugins/NNE/NNEDenoiser/Content/NNEDTIM_ColorAlbedoNormal_Alpha.uexp" 114
"../../../Engine/Plugins/NNE/NNEDenoiser/Content/NNEDTIM_ColorAlbedoNormal_Alpha.uasset" 115
"../../../Engine/Content/EngineDebugMaterials/M_SimpleUnlitTranslucent.uexp" 116
"../../../Engine/Content/EngineDebugMaterials/M_SimpleUnlitTranslucent.uasset" 117
"../../../Engine/Plugins/NNE/NNEDenoiser/Content/NNEDIM_HighQuality_Default.uexp" 118
"../../../Engine/Plugins/NNE/NNEDenoiser/Content/NNEDIM_HighQuality_Default.uasset" 119
"../../../Engine/Plugins/NNE/NNEDenoiser/Content/NNE_oidn2-3-0_rt_hdr_alb_nrm__dyn__fp16_opset11_DenoiseAlpha.uexp" 120
"../../../Engine/Plugins/NNE/NNEDenoiser/Content/NNE_oidn2-3-0_rt_hdr_alb_nrm__dyn__fp16_opset11_DenoiseAlpha.uasset" 121
"../../../Engine/Plugins/NNE/NNEDenoiser/Content/NNED_Oidn2-3_HighQuality.uasset" 122
"../../../Engine/Plugins/NNE/NNEDenoiser/Content/NNED_Oidn2-3_HighQuality.uexp" 123
"../../../Engine/Plugins/NNE/NNEDenoiser/Content/NNEDTOM_Output_Alpha.uexp" 124
"../../../Engine/Plugins/NNE/NNEDenoiser/Content/NNEDTOM_Output_Alpha.uasset" 125
"../../../Engine/Plugins/NNE/NNEDenoiser/Content/NNED_Oidn2-3_Balanced.uasset" 126
"../../../Engine/Plugins/NNE/NNEDenoiser/Content/NNED_Oidn2-3_Balanced.uexp" 127
"../../../Engine/Plugins/NNE/NNEDenoiser/Content/NNE_oidn2-3-0_rt_hdr_alb_nrm_small__dyn__fp16_opset11_ForwardAlpha.uexp" 128
"../../../Engine/Plugins/NNE/NNEDenoiser/Content/NNE_oidn2-3-0_rt_hdr_alb_nrm_small__dyn__fp16_opset11_ForwardAlpha.uasset" 129
"../../../Engine/Plugins/NNE/NNEDenoiser/Content/NNEDTOM_Output_Default.uexp" 130
"../../../Engine/Plugins/NNE/NNEDenoiser/Content/NNEDTOM_Output_Default.uasset" 131
"../../../Engine/Plugins/NNE/NNEDenoiser/Content/NNE_oidn2-3-0_rt_hdr_calb_cnrm_large__dyn__fp16_opset11_DenoiseAlpha.uexp" 132
"../../../Engine/Plugins/NNE/NNEDenoiser/Content/NNE_oidn2-3-0_rt_hdr_calb_cnrm_large__dyn__fp16_opset11_DenoiseAlpha.uasset" 133
"../../../Engine/Plugins/NNE/NNEDenoiser/Content/NNED_Oidn2-3_Balanced_Alpha.uexp" 134
"../../../Engine/Plugins/NNE/NNEDenoiser/Content/NNED_Oidn2-3_Balanced_Alpha.uasset" 135
"../../../Engine/Content/EngineDebugMaterials/DebugMeshMaterial.uexp" 136
"../../../Engine/Content/EngineDebugMaterials/DebugMeshMaterial.uasset" 137
"../../../Engine/Content/EditorLandscapeResources/LandscapeDirtyMaterial.uexp" 138
"../../../Engine/Content/EditorLandscapeResources/LandscapeDirtyMaterial.uasset" 139
"../../../Engine/Content/EditorLandscapeResources/SplineEditorMeshMat.uasset" 140
"../../../Engine/Content/EditorLandscapeResources/SplineEditorMeshMat.uexp" 141
"../../../Engine/Content/EditorLandscapeResources/SplineEditorMesh.uexp" 142
"../../../Engine/Content/EditorLandscapeResources/SplineEditorMesh.uasset" 143
"../../../Engine/Content/EditorLandscapeResources/SplineEditorMesh.ubulk" 144
"../../../Engine/Content/EngineMaterials/DefaultMaterial.uasset" 145
"../../../Engine/Content/EngineMaterials/DefaultMaterial.uexp" 146
"../../../Engine/Content/BasicShapes/Cone.uasset" 147
"../../../Engine/Content/BasicShapes/Cone.uexp" 148
"../../../Engine/Content/BasicShapes/Cone.ubulk" 149
"../../../Engine/Content/EngineMaterials/DefaultDiffuse.ubulk" 150
"../../../Engine/Content/EngineMaterials/DefaultDiffuse.uexp" 151
"../../../Engine/Content/EngineMaterials/DefaultDiffuse.uasset" 152
"../../../Engine/Content/Functions/Engine_MaterialFunctions01/Texturing/TextureCropping.uasset" 153
"../../../Engine/Content/Functions/Engine_MaterialFunctions01/Texturing/TextureCropping.uexp" 154
"../../../Engine/Content/Functions/Engine_MaterialFunctions02/ExampleContent/DebugNumberStrip.uexp" 155
"../../../Engine/Content/Functions/Engine_MaterialFunctions02/ExampleContent/DebugNumberStrip.uasset" 156
"../../../Engine/Content/Functions/Engine_MaterialFunctions01/Debug/DebugIntValues.uexp" 157
"../../../Engine/Content/Functions/Engine_MaterialFunctions01/Debug/DebugIntValues.uasset" 158
"../../../Engine/Content/Functions/Engine_MaterialFunctions02/Utility/BreakOutFloat2Components.uasset" 159
"../../../Engine/Content/Functions/Engine_MaterialFunctions02/Utility/BreakOutFloat2Components.uexp" 160
"../../../Engine/Content/Functions/Engine_MaterialFunctions01/Texturing/ScaleUVsByCenter.uexp" 161
"../../../Engine/Content/Functions/Engine_MaterialFunctions01/Texturing/ScaleUVsByCenter.uasset" 162
"../../../Engine/Content/Functions/Engine_MaterialFunctions02/WorldPositionOffset/LocalPosition.uexp" 163
"../../../Engine/Content/Functions/Engine_MaterialFunctions02/WorldPositionOffset/LocalPosition.uasset" 164
"../../../Engine/Content/EditorLandscapeResources/LandscapeLayerUsageMaterial.uexp" 165
"../../../Engine/Content/EditorLandscapeResources/LandscapeLayerUsageMaterial.uasset" 166
"../../../Engine/Content/BasicShapes/Cylinder.uasset" 167
"../../../Engine/Content/BasicShapes/Cylinder.ubulk" 168
"../../../Engine/Content/BasicShapes/Cylinder.uexp" 169
"../../../Engine/Content/EngineMaterials/DefaultCalibrationGrayscale.uexp" 170
"../../../Engine/Content/EngineMaterials/DefaultCalibrationGrayscale.uasset" 171
"../../../Engine/Content/EngineMaterials/PPM_DefaultCalibrationGrayscale.uasset" 172
"../../../Engine/Content/EngineMaterials/PPM_DefaultCalibrationGrayscale.uexp" 173
"../../../Engine/Content/EngineMaterials/NaniteHiddenSectionMaterial.uasset" 174
"../../../Engine/Content/EngineMaterials/NaniteHiddenSectionMaterial.uexp" 175
"../../../Engine/Content/BasicShapes/Plane.ubulk" 176
"../../../Engine/Content/BasicShapes/Plane.uasset" 177
"../../../Engine/Content/BasicShapes/Plane.uexp" 178
"../../../Engine/Content/EngineResources/WhiteSquareTexture.uexp" 179
"../../../Engine/Content/EngineResources/WhiteSquareTexture.uasset" 180
"../../../Engine/Content/EngineMaterials/Widget3DPassThrough.uexp" 181
"../../../Engine/Content/EngineMaterials/Widget3DPassThrough.uasset" 182
"../../../Engine/Content/EngineMaterials/Widget3DPassThrough_Opaque.uasset" 183
"../../../Engine/Content/EngineMaterials/Widget3DPassThrough_Opaque.uexp" 184
"../../../Engine/Content/EngineMaterials/Widget3DPassThrough_Opaque_OneSided.uasset" 185
"../../../Engine/Content/EngineMaterials/Widget3DPassThrough_Opaque_OneSided.uexp" 186
"../../../Engine/Content/EngineMaterials/Widget3DPassThrough_Masked.uasset" 187
"../../../Engine/Content/EngineMaterials/Widget3DPassThrough_Masked.uexp" 188
"../../../Engine/Content/EditorLandscapeResources/ColorMaskBrushMaterial.uexp" 189
"../../../Engine/Content/EditorLandscapeResources/ColorMaskBrushMaterial.uasset" 190
"../../../Engine/Content/EditorLandscapeResources/ColorMaskBrushMaterial_MaskedRegion.uasset" 191
"../../../Engine/Content/EditorLandscapeResources/ColorMaskBrushMaterial_MaskedRegion.uexp" 192
"../../../Engine/Content/EngineMaterials/Widget3DPassThrough_Translucent.uasset" 193
"../../../Engine/Content/EngineMaterials/Widget3DPassThrough_Translucent.uexp" 194
"../../../Engine/Content/EngineMaterials/Widget3DPassThrough_Translucent_OneSided.uasset" 195
"../../../Engine/Content/EngineMaterials/Widget3DPassThrough_Translucent_OneSided.uexp" 196
"../../../Engine/Content/EngineMaterials/WeightMapPlaceholderTexture.uasset" 197
"../../../Engine/Content/EngineMaterials/WeightMapPlaceholderTexture.uexp" 198
"../../../Engine/Content/EngineMaterials/WeightMapArrayPlaceholderTexture.uasset" 199
"../../../Engine/Content/EngineMaterials/WeightMapArrayPlaceholderTexture.uexp" 200
"../../../Engine/Content/BasicShapes/Sphere.uexp" 201
"../../../Engine/Content/BasicShapes/Sphere.ubulk" 202
"../../../Engine/Content/BasicShapes/Sphere.uasset" 203
"../../../Engine/Content/EngineMaterials/DefaultBokeh.uexp" 204
"../../../Engine/Content/EngineMaterials/DefaultBokeh.uasset" 205
"../../../Engine/Content/EngineMaterials/DefaultCalibrationColor.uexp" 206
"../../../Engine/Content/EngineMaterials/DefaultCalibrationColor.uasset" 207
"../../../Engine/Content/EngineMaterials/PPM_DefaultCalibrationColor.uasset" 208
"../../../Engine/Content/EngineMaterials/PPM_DefaultCalibrationColor.uexp" 209
"../../../Engine/Content/EngineMaterials/DefaultLightFunctionMaterial.uasset" 210
"../../../Engine/Content/EngineMaterials/DefaultLightFunctionMaterial.uexp" 211
"../../../Engine/Content/EngineMaterials/MiniFont.uexp" 212
"../../../Engine/Content/EngineMaterials/MiniFont.uasset" 213
"../../../Engine/Content/Functions/Engine_MaterialFunctions02/Utility/MakeFloat3.uexp" 214
"../../../Engine/Content/Functions/Engine_MaterialFunctions02/Utility/MakeFloat3.uasset" 215
"../../../Engine/Content/EditorLandscapeResources/MaskBrushMaterial.uasset" 216
"../../../Engine/Content/EditorLandscapeResources/MaskBrushMaterial.uexp" 217
"../../../Engine/Content/EditorLandscapeResources/MaskBrushMaterial_MaskedRegion.uexp" 218
"../../../Engine/Content/EditorLandscapeResources/MaskBrushMaterial_MaskedRegion.uasset" 219
"../../../Engine/Content/EngineMaterials/DefaultWhiteGrid.ubulk" 220
"../../../Engine/Content/EngineMaterials/DefaultWhiteGrid.uexp" 221
"../../../Engine/Content/EngineMaterials/DefaultWhiteGrid.uasset" 222
"../../../Engine/Content/EditorLandscapeResources/LayerVisMaterial.uexp" 223
"../../../Engine/Content/EditorLandscapeResources/LayerVisMaterial.uasset" 224
"../../../Engine/Content/EngineMaterials/FastBlueNoise_scalar_128x128x8.uasset" 225
"../../../Engine/Content/EngineMaterials/FastBlueNoise_scalar_128x128x8.uexp" 226
"../../../Engine/Content/EditorResources/S_TriggerSphere.uasset" 227
"../../../Engine/Content/EditorResources/S_TriggerSphere.uexp" 228
"../../../Engine/Content/EngineMaterials/PhAT_JointLimitMaterial.uasset" 229
"../../../Engine/Content/EngineMaterials/PhAT_JointLimitMaterial.uexp" 230
"../../../Engine/Content/EngineMaterials/SMAAAreaTex.uasset" 231
"../../../Engine/Content/EngineMaterials/SMAAAreaTex.uexp" 232
"../../../Engine/Content/EngineMaterials/GizmoMaterial.uexp" 233
"../../../Engine/Content/EngineMaterials/GizmoMaterial.uasset" 234
"../../../Engine/Content/EditorResources/S_TriggerBox.uexp" 235
"../../../Engine/Content/EditorResources/S_TriggerBox.uasset" 236
"../../../Engine/Content/EditorMaterials/PreviewShadowIndicator.uasset" 237
"../../../Engine/Content/EditorMaterials/PreviewShadowIndicator.uexp" 238
"../../../Engine/Content/EditorMaterials/PreviewShadowIndicator.ubulk" 239
"../../../Engine/Content/EditorMaterials/PreviewShadowIndicatorMaterial.uasset" 240
"../../../Engine/Content/EditorMaterials/PreviewShadowIndicatorMaterial.uexp" 241
"../../../Engine/Content/EngineMaterials/BaseFlattenDiffuseMap.uasset" 242
"../../../Engine/Content/EngineMaterials/BaseFlattenDiffuseMap.uexp" 243
"../../../Engine/Content/EngineMaterials/BaseFlattenLinearColor.uasset" 244
"../../../Engine/Content/EngineMaterials/BaseFlattenLinearColor.uexp" 245
"../../../Engine/Content/EngineMaterials/BaseFlattenGrayscaleMap.uasset" 246
"../../../Engine/Content/EngineMaterials/BaseFlattenGrayscaleMap.uexp" 247
"../../../Engine/Content/EngineMaterials/BaseFlattenNormalMap.uexp" 248
"../../../Engine/Content/EngineMaterials/BaseFlattenNormalMap.uasset" 249
"../../../Engine/Content/EngineMaterials/BaseFlattenEmissiveMap.uexp" 250
"../../../Engine/Content/EngineMaterials/BaseFlattenEmissiveMap.uasset" 251
"../../../Engine/Content/Functions/Engine_MaterialFunctions02/PivotPainter2/Black_1x1_EXR_Texture.uexp" 252
"../../../Engine/Content/Functions/Engine_MaterialFunctions02/PivotPainter2/Black_1x1_EXR_Texture.uasset" 253
"../../../Engine/Content/EngineMaterials/FlattenMaterial.uasset" 254
"../../../Engine/Content/EngineMaterials/FlattenMaterial.uexp" 255
"../../../Engine/Content/EditorResources/S_BoxReflectionCapture.uasset" 256
"../../../Engine/Content/EditorResources/S_BoxReflectionCapture.uexp" 257
"../../../Engine/Content/EngineMeshes/Sphere.uexp" 258
"../../../Engine/Content/EngineMeshes/Sphere.ubulk" 259
"../../../Engine/Content/EngineMeshes/Sphere.uasset" 260
"../../../Engine/Content/EditorMaterials/PhAT_NoCollisionMaterial.uexp" 261
"../../../Engine/Content/EditorMaterials/PhAT_NoCollisionMaterial.uasset" 262
"../../../Engine/Content/EditorResources/S_TriggerCapsule.uexp" 263
"../../../Engine/Content/EditorResources/S_TriggerCapsule.uasset" 264
"../../../Engine/Content/VREditor/TransformGizmo/TranslucentTransformGizmoMaterial.uasset" 265
"../../../Engine/Content/VREditor/TransformGizmo/TranslucentTransformGizmoMaterial.uexp" 266
"../../../Engine/Content/VREditor/TransformGizmo/TranslucentTransformGizmoMaterial_Inst.uexp" 267
"../../../Engine/Content/VREditor/TransformGizmo/TranslucentTransformGizmoMaterial_Inst.uasset" 268
"../../../Engine/Content/VREditor/LaserPointer/VR_LaserPower_01.uexp" 269
"../../../Engine/Content/VREditor/LaserPointer/VR_LaserPower_01.ubulk" 270
"../../../Engine/Content/VREditor/LaserPointer/VR_LaserPower_01.uasset" 271
"../../../Engine/Content/VREditor/TransformGizmo/TransformGizmoMaterial.uasset" 272
"../../../Engine/Content/VREditor/TransformGizmo/TransformGizmoMaterial.uexp" 273
"../../../Engine/Content/VREditor/TransformGizmo/TransformGizmoMaterial_Inst.uexp" 274
"../../../Engine/Content/VREditor/TransformGizmo/TransformGizmoMaterial_Inst.uasset" 275
"../../../Engine/Content/VREditor/Sounds/UI/Drop_Item_From_ContentBrowser.ubulk" 276
"../../../Engine/Content/VREditor/Sounds/UI/Drop_Item_From_ContentBrowser.uasset" 277
"../../../Engine/Content/VREditor/Sounds/UI/Drop_Item_From_ContentBrowser.uexp" 278
"../../../Engine/Content/Functions/Engine_MaterialFunctions02/SplitComponents.uasset" 279
"../../../Engine/Content/Functions/Engine_MaterialFunctions02/SplitComponents.uexp" 280
"../../../Engine/Content/Functions/Engine_MaterialFunctions02/Utility/BreakOutFloat3Components.uasset" 281
"../../../Engine/Content/Functions/Engine_MaterialFunctions02/Utility/BreakOutFloat3Components.uexp" 282
"../../../Engine/Content/Functions/Engine_MaterialFunctions02/Math/Transform3x3Matrix.uasset" 283
"../../../Engine/Content/Functions/Engine_MaterialFunctions02/Math/Transform3x3Matrix.uexp" 284
"../../../Engine/Content/VREditor/SnapGrid/SnapGridMaterial.uasset" 285
"../../../Engine/Content/VREditor/SnapGrid/SnapGridMaterial.uexp" 286
"../../../Engine/Content/VREditor/SnapGrid/SnapGridPlaneMesh.uexp" 287
"../../../Engine/Content/VREditor/SnapGrid/SnapGridPlaneMesh.ubulk" 288
"../../../Engine/Content/VREditor/SnapGrid/SnapGridPlaneMesh.uasset" 289
"../../../Engine/Content/VREditor/TransformGizmo/PlaneTranslationHandle.ubulk" 290
"../../../Engine/Content/VREditor/TransformGizmo/PlaneTranslationHandle.uasset" 291
"../../../Engine/Content/VREditor/TransformGizmo/PlaneTranslationHandle.uexp" 292
"../../../Engine/Content/VREditor/TransformGizmo/TranslateArrowHandle.ubulk" 293
"../../../Engine/Content/VREditor/TransformGizmo/TranslateArrowHandle.uasset" 294
"../../../Engine/Content/VREditor/TransformGizmo/TranslateArrowHandle.uexp" 295
"../../../Engine/Content/VREditor/TransformGizmo/TransformGizmoFreeRotation.ubulk" 296
"../../../Engine/Content/VREditor/TransformGizmo/TransformGizmoFreeRotation.uasset" 297
"../../../Engine/Content/VREditor/TransformGizmo/TransformGizmoFreeRotation.uexp" 298
"../../../Engine/Content/VREditor/TransformGizmo/RotationHandleIndicator.uexp" 299
"../../../Engine/Content/VREditor/TransformGizmo/RotationHandleIndicator.ubulk" 300
"../../../Engine/Content/VREditor/TransformGizmo/RotationHandleIndicator.uasset" 301
"../../../Engine/Content/VREditor/TransformGizmo/RotationHandleQuarter.uasset" 302
"../../../Engine/Content/VREditor/TransformGizmo/RotationHandleQuarter.ubulk" 303
"../../../Engine/Content/VREditor/TransformGizmo/RotationHandleQuarter.uexp" 304
"../../../Engine/Content/VREditor/TransformGizmo/RotationHandleFull.uexp" 305
"../../../Engine/Content/VREditor/TransformGizmo/RotationHandleFull.ubulk" 306
"../../../Engine/Content/VREditor/TransformGizmo/RotationHandleFull.uasset" 307
"../../../Engine/Content/VREditor/TransformGizmo/UniformScaleHandle.ubulk" 308
"../../../Engine/Content/VREditor/TransformGizmo/UniformScaleHandle.uasset" 309
"../../../Engine/Content/VREditor/TransformGizmo/UniformScaleHandle.uexp" 310
"../../../Engine/Content/VREditor/TransformGizmo/StartRotationHandleIndicator.ubulk" 311
"../../../Engine/Content/VREditor/TransformGizmo/StartRotationHandleIndicator.uexp" 312
"../../../Engine/Content/VREditor/TransformGizmo/StartRotationHandleIndicator.uasset" 313
"../../../Engine/Content/VREditor/Sounds/UI/Scaling_Up.ubulk" 314
"../../../Engine/Content/VREditor/Sounds/UI/Scaling_Up.uasset" 315
"../../../Engine/Content/VREditor/Sounds/UI/Scaling_Up.uexp" 316
"../../../Engine/Content/VREditor/Sounds/UI/Object_Snaps_To_Grid.ubulk" 317
"../../../Engine/Content/VREditor/Sounds/UI/Object_Snaps_To_Grid.uasset" 318
"../../../Engine/Content/VREditor/Sounds/UI/Object_Snaps_To_Grid.uexp" 319
"../../../Engine/Content/VREditor/Sounds/UI/Gizmo_Handle_Clicked.uasset" 320
"../../../Engine/Content/VREditor/Sounds/UI/Gizmo_Handle_Clicked.uexp" 321
"../../../Engine/Content/VREditor/Sounds/UI/Gizmo_Handle_Clicked.ubulk" 322
"../../../Engine/Content/VREditor/Sounds/UI/Object_Snaps_To_Another_Actor.uasset" 323
"../../../Engine/Content/VREditor/Sounds/UI/Object_Snaps_To_Another_Actor.ubulk" 324
"../../../Engine/Content/VREditor/Sounds/UI/Object_Snaps_To_Another_Actor.uexp" 325
"../../../Engine/Content/VREditor/Sounds/UI/Selection_Changes.ubulk" 326
"../../../Engine/Content/VREditor/Sounds/UI/Selection_Changes.uasset" 327
"../../../Engine/Content/VREditor/Sounds/UI/Selection_Changes.uexp" 328
"../../../Engine/Content/VREditor/Sounds/UI/Object_PickUp.ubulk" 329
"../../../Engine/Content/VREditor/Sounds/UI/Object_PickUp.uexp" 330
"../../../Engine/Content/VREditor/Sounds/UI/Object_PickUp.uasset" 331
"../../../Engine/Content/VREditor/Sounds/UI/Scaling_Down.ubulk" 332
"../../../Engine/Content/VREditor/Sounds/UI/Scaling_Down.uexp" 333
"../../../Engine/Content/VREditor/Sounds/UI/Scaling_Down.uasset" 334
"../../../Engine/Content/EngineMaterials/DefaultWhiteGrid_Low.uasset" 335
"../../../Engine/Content/EngineMaterials/DefaultWhiteGrid_Low.uexp" 336
"../../../Engine/Content/EngineMaterials/EmissiveMeshMaterial.uexp" 337
"../../../Engine/Content/EngineMaterials/EmissiveMeshMaterial.uasset" 338
"../../../Engine/Content/EngineMaterials/Widget3DPassThrough_Masked_OneSided.uexp" 339
"../../../Engine/Content/EngineMaterials/Widget3DPassThrough_Masked_OneSided.uasset" 340
"../../../Engine/Content/EditorResources/S_Solver.uasset" 341
"../../../Engine/Content/EditorResources/S_Solver.uexp" 342
"../../../Engine/Content/EditorResources/S_Solver.ubulk" 343
"../../../Engine/Content/EngineResources/DefaultTextureCube.uasset" 344
"../../../Engine/Content/EngineResources/DefaultTextureCube.uexp" 345
"../../../Engine/Plugins/Animation/ControlRig/Content/Controls/ControlRigGizmoMaterial.uasset" 346
"../../../Engine/Plugins/Animation/ControlRig/Content/Controls/ControlRigGizmoMaterial.uexp" 347
"../../../Engine/Plugins/Animation/ControlRig/Content/Controls/ControlRig_RoundedTriangle_1mm.uexp" 348
"../../../Engine/Plugins/Animation/ControlRig/Content/Controls/ControlRig_RoundedTriangle_1mm.uasset" 349
"../../../Engine/Plugins/Animation/ControlRig/Content/Controls/ControlRig_RoundedTriangle_1mm.ubulk" 350
"../../../Engine/Plugins/Animation/ControlRig/Content/Controls/ControlRig_Circle_3mm.ubulk" 351
"../../../Engine/Plugins/Animation/ControlRig/Content/Controls/ControlRig_Circle_3mm.uasset" 352
"../../../Engine/Plugins/Animation/ControlRig/Content/Controls/ControlRig_Circle_3mm.uexp" 353
"../../../Engine/Plugins/Animation/ControlRig/Content/Controls/ControlRig_QuarterCircle_1mm.uexp" 354
"../../../Engine/Plugins/Animation/ControlRig/Content/Controls/ControlRig_QuarterCircle_1mm.uasset" 355
"../../../Engine/Plugins/Animation/ControlRig/Content/Controls/ControlRig_QuarterCircle_1mm.ubulk" 356
"../../../Engine/Plugins/Animation/ControlRig/Content/Controls/ControlRig_Pyramid_1mm.ubulk" 357
"../../../Engine/Plugins/Animation/ControlRig/Content/Controls/ControlRig_Pyramid_1mm.uasset" 358
"../../../Engine/Plugins/Animation/ControlRig/Content/Controls/ControlRig_Pyramid_1mm.uexp" 359
"../../../Engine/Plugins/Animation/ControlRig/Content/Controls/ControlRig_Arrow4_1mm.ubulk" 360
"../../../Engine/Plugins/Animation/ControlRig/Content/Controls/ControlRig_Arrow4_1mm.uasset" 361
"../../../Engine/Plugins/Animation/ControlRig/Content/Controls/ControlRig_Arrow4_1mm.uexp" 362
"../../../Engine/Content/EngineMaterials/DefaultBloomKernel.uexp" 363
"../../../Engine/Content/EngineMaterials/DefaultBloomKernel.uasset" 364
"../../../Engine/Plugins/Animation/ControlRig/Content/Controls/ControlRig_Square_solid.uexp" 365
"../../../Engine/Plugins/Animation/ControlRig/Content/Controls/ControlRig_Square_solid.uasset" 366
"../../../Engine/Plugins/Animation/ControlRig/Content/Controls/ControlRig_Square_solid.ubulk" 367
"../../../Engine/Content/EngineResources/Black.uasset" 368
"../../../Engine/Content/EngineResources/Black.uexp" 369
"../../../Engine/Content/EngineResources/LandscapeVisibilityLayerInfo.uexp" 370
"../../../Engine/Content/EngineResources/LandscapeVisibilityLayerInfo.uasset" 371
"../../../Engine/Plugins/Animation/ControlRig/Content/Controls/ControlRig_Diamond_3mm.ubulk" 372
"../../../Engine/Plugins/Animation/ControlRig/Content/Controls/ControlRig_Diamond_3mm.uasset" 373
"../../../Engine/Plugins/Animation/ControlRig/Content/Controls/ControlRig_Diamond_3mm.uexp" 374
"../../../Engine/Content/EngineMaterials/Black_1x1_EXR_Texture_VT.uexp" 375
"../../../Engine/Content/EngineMaterials/Black_1x1_EXR_Texture_VT.uasset" 376
"../../../Engine/Content/EngineMaterials/Black_1x1_EXR_Texture_VT.ubulk" 377
"../../../Engine/Content/EngineMaterials/BaseFlattenNormalMap_VT.uasset" 378
"../../../Engine/Content/EngineMaterials/BaseFlattenNormalMap_VT.ubulk" 379
"../../../Engine/Content/EngineMaterials/BaseFlattenNormalMap_VT.uexp" 380
"../../../Engine/Content/EngineMaterials/BaseFlattenGrayscaleMap_VT.uexp" 381
"../../../Engine/Content/EngineMaterials/BaseFlattenGrayscaleMap_VT.ubulk" 382
"../../../Engine/Content/EngineMaterials/BaseFlattenGrayscaleMap_VT.uasset" 383
"../../../Engine/Content/EngineMaterials/BaseFlattenLinearColor_VT.uasset" 384
"../../../Engine/Content/EngineMaterials/BaseFlattenLinearColor_VT.ubulk" 385
"../../../Engine/Content/EngineMaterials/BaseFlattenLinearColor_VT.uexp" 386
"../../../Engine/Content/EngineMaterials/BaseFlattenDiffuseMap_VT.uasset" 387
"../../../Engine/Content/EngineMaterials/BaseFlattenDiffuseMap_VT.ubulk" 388
"../../../Engine/Content/EngineMaterials/BaseFlattenDiffuseMap_VT.uexp" 389
"../../../Engine/Content/EngineMaterials/BaseFlattenEmissiveMap_VT.ubulk" 390
"../../../Engine/Content/EngineMaterials/BaseFlattenEmissiveMap_VT.uexp" 391
"../../../Engine/Content/EngineMaterials/BaseFlattenEmissiveMap_VT.uasset" 392
"../../../Engine/Content/EngineMaterials/FlattenMaterial_WS_Normal_VT.uexp" 393
"../../../Engine/Content/EngineMaterials/FlattenMaterial_WS_Normal_VT.uasset" 394
"../../../Engine/Content/EditorResources/S_Terrain.uasset" 395
"../../../Engine/Content/EditorResources/S_Terrain.uexp" 396
"../../../Engine/Content/EditorResources/S_Terrain.ubulk" 397
"../../../Engine/Plugins/Animation/ControlRig/Content/Controls/ControlRig_Arrow_3mm.uexp" 398
"../../../Engine/Plugins/Animation/ControlRig/Content/Controls/ControlRig_Arrow_3mm.uasset" 399
"../../../Engine/Plugins/Animation/ControlRig/Content/Controls/ControlRig_Arrow_3mm.ubulk" 400
"../../../Engine/Content/EditorResources/S_Trigger.uexp" 401
"../../../Engine/Content/EditorResources/S_Trigger.ubulk" 402
"../../../Engine/Content/EditorResources/S_Trigger.uasset" 403
"../../../Engine/Plugins/Animation/ControlRig/Content/Controls/ControlRig_Hexagon_3mm.uexp" 404
"../../../Engine/Plugins/Animation/ControlRig/Content/Controls/ControlRig_Hexagon_3mm.uasset" 405
"../../../Engine/Plugins/Animation/ControlRig/Content/Controls/ControlRig_Hexagon_3mm.ubulk" 406
"../../../Engine/Content/EngineMaterials/RemoveSurfaceMaterial.uasset" 407
"../../../Engine/Content/EngineMaterials/RemoveSurfaceMaterial.uexp" 408
"../../../Engine/Plugins/Animation/ControlRig/Content/Controls/ControlRig_Sphere_solid.uexp" 409
"../../../Engine/Plugins/Animation/ControlRig/Content/Controls/ControlRig_Sphere_solid.uasset" 410
"../../../Engine/Plugins/Animation/ControlRig/Content/Controls/ControlRig_Sphere_solid.ubulk" 411
"../../../Engine/Content/EditorResources/S_Actor.uexp" 412
"../../../Engine/Content/EditorResources/S_Actor.ubulk" 413
"../../../Engine/Content/EditorResources/S_Actor.uasset" 414
"../../../Engine/Content/EngineMaterials/DefaultDeferredDecalMaterial.uexp" 415
"../../../Engine/Content/EngineMaterials/DefaultDeferredDecalMaterial.uasset" 416
"../../../Engine/Content/EngineMaterials/DefaultPostProcessMaterial.uexp" 417
"../../../Engine/Content/EngineMaterials/DefaultPostProcessMaterial.uasset" 418
"../../../Engine/Plugins/Animation/ControlRig/Content/Controls/ControlRig_Square_3mm.uexp" 419
"../../../Engine/Plugins/Animation/ControlRig/Content/Controls/ControlRig_Square_3mm.ubulk" 420
"../../../Engine/Plugins/Animation/ControlRig/Content/Controls/ControlRig_Square_3mm.uasset" 421
"../../../Engine/Content/EditorResources/BSPVertex.uexp" 422
"../../../Engine/Content/EditorResources/BSPVertex.uasset" 423
"../../../Engine/Content/EngineMaterials/FlattenMaterial_VT.uasset" 424
"../../../Engine/Content/EngineMaterials/FlattenMaterial_VT.uexp" 425
"../../../Engine/Plugins/Animation/ControlRig/Content/Controls/ControlRig_Star4_3mm.uasset" 426
"../../../Engine/Plugins/Animation/ControlRig/Content/Controls/ControlRig_Star4_3mm.uexp" 427
"../../../Engine/Plugins/Animation/ControlRig/Content/Controls/ControlRig_Star4_3mm.ubulk" 428
"../../../Engine/Content/EngineMaterials/FastBlueNoise_scalar_128x128x64.uexp" 429
"../../../Engine/Content/EngineMaterials/FastBlueNoise_scalar_128x128x64.uasset" 430
"../../../Engine/Plugins/Animation/ControlRig/Content/Controls/ControlRig_RoundedSquare_3mm.uasset" 431
"../../../Engine/Plugins/Animation/ControlRig/Content/Controls/ControlRig_RoundedSquare_3mm.ubulk" 432
"../../../Engine/Plugins/Animation/ControlRig/Content/Controls/ControlRig_RoundedSquare_3mm.uexp" 433
"../../../Engine/Content/EngineResources/GradientTexture0.uexp" 434
"../../../Engine/Content/EngineResources/GradientTexture0.uasset" 435
"../../../Engine/Plugins/Animation/ControlRig/Content/Controls/ControlRig_Wedge_1mm.uasset" 436
"../../../Engine/Plugins/Animation/ControlRig/Content/Controls/ControlRig_Wedge_1mm.ubulk" 437
"../../../Engine/Plugins/Animation/ControlRig/Content/Controls/ControlRig_Wedge_1mm.uexp" 438
"../../../Engine/Plugins/Animation/ControlRig/Content/Controls/ControlRig_HalfCircle_3mm.uasset" 439
"../../../Engine/Plugins/Animation/ControlRig/Content/Controls/ControlRig_HalfCircle_3mm.uexp" 440
"../../../Engine/Plugins/Animation/ControlRig/Content/Controls/ControlRig_HalfCircle_3mm.ubulk" 441
"../../../Engine/Plugins/Animation/ControlRig/Content/Controls/ControlRig_RoundedTriangle_solid.ubulk" 442
"../../../Engine/Plugins/Animation/ControlRig/Content/Controls/ControlRig_RoundedTriangle_solid.uasset" 443
"../../../Engine/Plugins/Animation/ControlRig/Content/Controls/ControlRig_RoundedTriangle_solid.uexp" 444
"../../../Engine/Content/EngineDamageTypes/DmgTypeBP_Environmental.uasset" 445
"../../../Engine/Content/EngineDamageTypes/DmgTypeBP_Environmental.uexp" 446
"../../../Engine/Plugins/Animation/ControlRig/Content/Controls/ControlRig_Triangle_1mm.uasset" 447
"../../../Engine/Plugins/Animation/ControlRig/Content/Controls/ControlRig_Triangle_1mm.uexp" 448
"../../../Engine/Plugins/Animation/ControlRig/Content/Controls/ControlRig_Triangle_1mm.ubulk" 449
"../../../Engine/Content/EditorMaterials/PhAT_UnselectedMaterial.uexp" 450
"../../../Engine/Content/EditorMaterials/PhAT_UnselectedMaterial.uasset" 451
"../../../Engine/Plugins/Animation/ControlRig/Content/Controls/ControlRig_Sphere_3mm.uasset" 452
"../../../Engine/Plugins/Animation/ControlRig/Content/Controls/ControlRig_Sphere_3mm.uexp" 453
"../../../Engine/Plugins/Animation/ControlRig/Content/Controls/ControlRig_Sphere_3mm.ubulk" 454
"../../../Engine/Content/EngineMaterials/InvalidLightmapSettings.ubulk" 455
"../../../Engine/Content/EngineMaterials/InvalidLightmapSettings.uasset" 456
"../../../Engine/Content/EngineMaterials/InvalidLightmapSettings.uexp" 457
"../../../Engine/Content/EngineMaterials/M_InvalidLightmapSettings.uexp" 458
"../../../Engine/Content/EngineMaterials/M_InvalidLightmapSettings.uasset" 459
"../../../Engine/Content/EngineDebugMaterials/DebugEditorMaterial.uasset" 460
"../../../Engine/Content/EngineDebugMaterials/DebugEditorMaterial.uexp" 461
"../../../Engine/Plugins/Animation/ControlRig/Content/Controls/ControlRig_Octagon_1mm.uasset" 462
"../../../Engine/Plugins/Animation/ControlRig/Content/Controls/ControlRig_Octagon_1mm.ubulk" 463
"../../../Engine/Plugins/Animation/ControlRig/Content/Controls/ControlRig_Octagon_1mm.uexp" 464
"../../../Engine/Content/EngineFonts/RobotoDistanceField.uexp" 465
"../../../Engine/Content/EngineFonts/RobotoDistanceField.uasset" 466
"../../../Engine/Content/EngineMaterials/DefaultTextMaterialOpaque.uexp" 467
"../../../Engine/Content/EngineMaterials/DefaultTextMaterialOpaque.uasset" 468
"../../../Engine/Plugins/Animation/ControlRig/Content/Controls/ControlRig_Box_1mm.ubulk" 469
"../../../Engine/Plugins/Animation/ControlRig/Content/Controls/ControlRig_Box_1mm.uexp" 470
"../../../Engine/Plugins/Animation/ControlRig/Content/Controls/ControlRig_Box_1mm.uasset" 471
"../../../Engine/Plugins/Animation/ControlRig/Content/Controls/ControlRig_Arrow2_3mm.uasset" 472
"../../../Engine/Plugins/Animation/ControlRig/Content/Controls/ControlRig_Arrow2_3mm.ubulk" 473
"../../../Engine/Plugins/Animation/ControlRig/Content/Controls/ControlRig_Arrow2_3mm.uexp" 474
"../../../Engine/Content/EngineMaterials/PreintegratedSkinBRDF.uexp" 475
"../../../Engine/Content/EngineMaterials/PreintegratedSkinBRDF.uasset" 476
"../../../Engine/Plugins/Animation/ControlRig/Content/Controls/ControlRig_Diamond_solid.uexp" 477
"../../../Engine/Plugins/Animation/ControlRig/Content/Controls/ControlRig_Diamond_solid.ubulk" 478
"../../../Engine/Plugins/Animation/ControlRig/Content/Controls/ControlRig_Diamond_solid.uasset" 479
"../../../Engine/Content/EngineMaterials/FastBlueNoise_vec2_128x128x64.uexp" 480
"../../../Engine/Content/EngineMaterials/FastBlueNoise_vec2_128x128x64.uasset" 481
"../../../Engine/Plugins/Animation/ControlRig/Content/Controls/ControlRig_Star4_solid.uasset" 482
"../../../Engine/Plugins/Animation/ControlRig/Content/Controls/ControlRig_Star4_solid.uexp" 483
"../../../Engine/Plugins/Animation/ControlRig/Content/Controls/ControlRig_Star4_solid.ubulk" 484
"../../../Engine/Plugins/Animation/ControlRig/Content/Controls/ControlRig_RoundedSquare_solid.uexp" 485
"../../../Engine/Plugins/Animation/ControlRig/Content/Controls/ControlRig_RoundedSquare_solid.ubulk" 486
"../../../Engine/Plugins/Animation/ControlRig/Content/Controls/ControlRig_RoundedSquare_solid.uasset" 487
"../../../Engine/Content/EngineMaterials/SMAASearchTex.uasset" 488
"../../../Engine/Content/EngineMaterials/SMAASearchTex.uexp" 489
"../../../Engine/Plugins/Animation/ControlRig/Content/Controls/ControlRig_Arrow4_solid.uexp" 490
"../../../Engine/Plugins/Animation/ControlRig/Content/Controls/ControlRig_Arrow4_solid.uasset" 491
"../../../Engine/Plugins/Animation/ControlRig/Content/Controls/ControlRig_Arrow4_solid.ubulk" 492
"../../../Engine/Plugins/Interchange/Assets/Content/Functions/MX_GeneralizedSchlickBSDF.uexp" 493
"../../../Engine/Plugins/Interchange/Assets/Content/Functions/MX_GeneralizedSchlickBSDF.uasset" 494
"../../../Engine/Plugins/Animation/ControlRig/Content/Controls/ControlRig_Circle_solid.ubulk" 495
"../../../Engine/Plugins/Animation/ControlRig/Content/Controls/ControlRig_Circle_solid.uexp" 496
"../../../Engine/Plugins/Animation/ControlRig/Content/Controls/ControlRig_Circle_solid.uasset" 497
"../../../Engine/Content/Functions/Engine_MaterialFunctions02/Utility/CameraDirectionVector.uexp" 498
"../../../Engine/Content/Functions/Engine_MaterialFunctions02/Utility/CameraDirectionVector.uasset" 499
"../../../Engine/Content/EngineDebugMaterials/VolumeToRender.uexp" 500
"../../../Engine/Content/EngineDebugMaterials/VolumeToRender.uasset" 501
"../../../Engine/Content/EngineDebugMaterials/M_VolumeRenderSphereTracePP.uexp" 502
"../../../Engine/Content/EngineDebugMaterials/M_VolumeRenderSphereTracePP.uasset" 503
"../../../Engine/Plugins/Animation/ControlRig/Content/Controls/ControlRig_Square_1mm.ubulk" 504
"../../../Engine/Plugins/Animation/ControlRig/Content/Controls/ControlRig_Square_1mm.uexp" 505
"../../../Engine/Plugins/Animation/ControlRig/Content/Controls/ControlRig_Square_1mm.uasset" 506
"../../../Engine/Plugins/Interchange/Assets/Content/Functions/MX_Displacement.uexp" 507
"../../../Engine/Plugins/Interchange/Assets/Content/Functions/MX_Displacement.uasset" 508
"../../../Engine/Plugins/Animation/ControlRig/Content/Controls/ControlRig_Arrow_1mm.uasset" 509
"../../../Engine/Plugins/Animation/ControlRig/Content/Controls/ControlRig_Arrow_1mm.uexp" 510
"../../../Engine/Plugins/Animation/ControlRig/Content/Controls/ControlRig_Arrow_1mm.ubulk" 511
"../../../Engine/Plugins/Animation/ControlRig/Content/Controls/ControlRig_QuarterCircle_solid.uasset" 512
"../../../Engine/Plugins/Animation/ControlRig/Content/Controls/ControlRig_QuarterCircle_solid.ubulk" 513
"../../../Engine/Plugins/Animation/ControlRig/Content/Controls/ControlRig_QuarterCircle_solid.uexp" 514
"../../../Engine/Plugins/Animation/ControlRig/Content/Controls/ControlRig_Hexagon_1mm.uasset" 515
"../../../Engine/Plugins/Animation/ControlRig/Content/Controls/ControlRig_Hexagon_1mm.uexp" 516
"../../../Engine/Plugins/Animation/ControlRig/Content/Controls/ControlRig_Hexagon_1mm.ubulk" 517
"../../../Engine/Plugins/Animation/ControlRig/Content/Controls/ControlRig_Arrow4_3mm.uasset" 518
"../../../Engine/Plugins/Animation/ControlRig/Content/Controls/ControlRig_Arrow4_3mm.ubulk" 519
"../../../Engine/Plugins/Animation/ControlRig/Content/Controls/ControlRig_Arrow4_3mm.uexp" 520
"../../../Engine/Plugins/Animation/ControlRig/Content/Controls/ControlRig_Arrow2_solid.uasset" 521
"../../../Engine/Plugins/Animation/ControlRig/Content/Controls/ControlRig_Arrow2_solid.uexp" 522
"../../../Engine/Plugins/Animation/ControlRig/Content/Controls/ControlRig_Arrow2_solid.ubulk" 523
"../../../Engine/Plugins/Animation/ControlRig/Content/Controls/ControlRig_Diamond_1mm.uasset" 524
"../../../Engine/Plugins/Animation/ControlRig/Content/Controls/ControlRig_Diamond_1mm.uexp" 525
"../../../Engine/Plugins/Animation/ControlRig/Content/Controls/ControlRig_Diamond_1mm.ubulk" 526
"../../../Engine/Plugins/Animation/ControlRig/Content/Controls/ControlRig_Triangle_solid.uasset" 527
"../../../Engine/Plugins/Animation/ControlRig/Content/Controls/ControlRig_Triangle_solid.ubulk" 528
"../../../Engine/Plugins/Animation/ControlRig/Content/Controls/ControlRig_Triangle_solid.uexp" 529
"../../../Engine/Plugins/Animation/ControlRig/Content/Controls/ControlRig_RoundedTriangle_3mm.uasset" 530
"../../../Engine/Plugins/Animation/ControlRig/Content/Controls/ControlRig_RoundedTriangle_3mm.uexp" 531
"../../../Engine/Plugins/Animation/ControlRig/Content/Controls/ControlRig_RoundedTriangle_3mm.ubulk" 532
"../../../Engine/Plugins/Animation/ControlRig/Content/Controls/ControlRig_Circle_1mm.ubulk" 533
"../../../Engine/Plugins/Animation/ControlRig/Content/Controls/ControlRig_Circle_1mm.uexp" 534
"../../../Engine/Plugins/Animation/ControlRig/Content/Controls/ControlRig_Circle_1mm.uasset" 535
"../../../Engine/Plugins/Animation/ControlRig/Content/Controls/ControlRig_QuarterCircle_3mm.ubulk" 536
"../../../Engine/Plugins/Animation/ControlRig/Content/Controls/ControlRig_QuarterCircle_3mm.uexp" 537
"../../../Engine/Plugins/Animation/ControlRig/Content/Controls/ControlRig_QuarterCircle_3mm.uasset" 538
"../../../Engine/Plugins/Animation/ControlRig/Content/Controls/ControlRig_Pyramid_3mm.uasset" 539
"../../../Engine/Plugins/Animation/ControlRig/Content/Controls/ControlRig_Pyramid_3mm.ubulk" 540
"../../../Engine/Plugins/Animation/ControlRig/Content/Controls/ControlRig_Pyramid_3mm.uexp" 541
"../../../Engine/Plugins/Animation/ControlRig/Content/Controls/ControlRig_Sphere_1mm.uasset" 542
"../../../Engine/Plugins/Animation/ControlRig/Content/Controls/ControlRig_Sphere_1mm.uexp" 543
"../../../Engine/Plugins/Animation/ControlRig/Content/Controls/ControlRig_Sphere_1mm.ubulk" 544
"../../../Engine/Plugins/Animation/ControlRig/Content/Controls/ControlRig_Box_3mm.uexp" 545
"../../../Engine/Plugins/Animation/ControlRig/Content/Controls/ControlRig_Box_3mm.ubulk" 546
"../../../Engine/Plugins/Animation/ControlRig/Content/Controls/ControlRig_Box_3mm.uasset" 547
"../../../Engine/Plugins/Animation/ControlRig/Content/Controls/ControlRig_Octagon_3mm.uexp" 548
"../../../Engine/Plugins/Animation/ControlRig/Content/Controls/ControlRig_Octagon_3mm.ubulk" 549
"../../../Engine/Plugins/Animation/ControlRig/Content/Controls/ControlRig_Octagon_3mm.uasset" 550
"../../../Engine/Plugins/Runtime/AudioWidgets/Content/Resources/ScrubHandleDown_Clamped.uasset" 551
"../../../Engine/Plugins/Runtime/AudioWidgets/Content/Resources/ScrubHandleDown_Clamped.uexp" 552
"../../../Engine/Plugins/Animation/ControlRig/Content/Controls/ControlRig_Arrow2_1mm.uexp" 553
"../../../Engine/Plugins/Animation/ControlRig/Content/Controls/ControlRig_Arrow2_1mm.ubulk" 554
"../../../Engine/Plugins/Animation/ControlRig/Content/Controls/ControlRig_Arrow2_1mm.uasset" 555
"../../../Engine/Plugins/Animation/ControlRig/Content/Controls/ControlRig_HalfCircle_solid.uexp" 556
"../../../Engine/Plugins/Animation/ControlRig/Content/Controls/ControlRig_HalfCircle_solid.ubulk" 557
"../../../Engine/Plugins/Animation/ControlRig/Content/Controls/ControlRig_HalfCircle_solid.uasset" 558
"../../../Engine/Plugins/Animation/ControlRig/Content/Controls/ControlRig_HalfCircle_1mm.ubulk" 559
"../../../Engine/Plugins/Animation/ControlRig/Content/Controls/ControlRig_HalfCircle_1mm.uexp" 560
"../../../Engine/Plugins/Animation/ControlRig/Content/Controls/ControlRig_HalfCircle_1mm.uasset" 561
"../../../Engine/Plugins/Animation/ControlRig/Content/Controls/ControlRig_Wedge_3mm.uasset" 562
"../../../Engine/Plugins/Animation/ControlRig/Content/Controls/ControlRig_Wedge_3mm.ubulk" 563
"../../../Engine/Plugins/Animation/ControlRig/Content/Controls/ControlRig_Wedge_3mm.uexp" 564
"../../../Engine/Content/Functions/Engine_MaterialFunctions02/Utility/VectorLength.uexp" 565
"../../../Engine/Content/Functions/Engine_MaterialFunctions02/Utility/VectorLength.uasset" 566
"../../../Engine/Content/Functions/Engine_MaterialFunctions02/WorldPositionOffset/ObjectScale.uexp" 567
"../../../Engine/Content/Functions/Engine_MaterialFunctions02/WorldPositionOffset/ObjectScale.uasset" 568
"../../../Engine/Plugins/Editor/SpeedTreeImporter/Content/SpeedTree9/game_wind_noise.uexp" 569
"../../../Engine/Plugins/Editor/SpeedTreeImporter/Content/SpeedTree9/game_wind_noise.uasset" 570
"../../../Engine/Plugins/Editor/SpeedTreeImporter/Content/SpeedTree9/game_wind_noise.ubulk" 571
"../../../Engine/Content/Functions/Engine_MaterialFunctions02/SafeNormalize.uasset" 572
"../../../Engine/Content/Functions/Engine_MaterialFunctions02/SafeNormalize.uexp" 573
"../../../Engine/Plugins/Editor/SpeedTreeImporter/Content/SpeedTree9/SpeedTreeWindMotion.uexp" 574
"../../../Engine/Plugins/Editor/SpeedTreeImporter/Content/SpeedTree9/SpeedTreeWindMotion.uasset" 575
"../../../Engine/Plugins/Editor/SpeedTreeImporter/Content/SpeedTree9/UnpackDirection.uexp" 576
"../../../Engine/Plugins/Editor/SpeedTreeImporter/Content/SpeedTree9/UnpackDirection.uasset" 577
"../../../Engine/Plugins/Editor/SpeedTreeImporter/Content/SpeedTree9/UnpackInteger3.uexp" 578
"../../../Engine/Plugins/Editor/SpeedTreeImporter/Content/SpeedTree9/UnpackInteger3.uasset" 579
"../../../Engine/Plugins/Editor/SpeedTreeImporter/Content/SpeedTree9/SpeedTreeBranchMotion.uexp" 580
"../../../Engine/Plugins/Editor/SpeedTreeImporter/Content/SpeedTree9/SpeedTreeBranchMotion.uasset" 581
"../../../Engine/Content/Functions/Engine_MaterialFunctions02/ObjectLocalBounds.uasset" 582
"../../../Engine/Content/Functions/Engine_MaterialFunctions02/ObjectLocalBounds.uexp" 583
"../../../Engine/Content/Functions/Engine_MaterialFunctions02/UVs/BoundingBoxBased_0-1_UVW.uexp" 584
"../../../Engine/Content/Functions/Engine_MaterialFunctions02/UVs/BoundingBoxBased_0-1_UVW.uasset" 585
"../../../Engine/Plugins/Editor/SpeedTreeImporter/Content/SpeedTree9/SpeedTreeWind.uasset" 586
"../../../Engine/Plugins/Editor/SpeedTreeImporter/Content/SpeedTree9/SpeedTreeWind.uexp" 587
"../../../Engine/Plugins/Editor/SpeedTreeImporter/Content/SpeedTree9/SpeedTreeBillboard.uexp" 588
"../../../Engine/Plugins/Editor/SpeedTreeImporter/Content/SpeedTree9/SpeedTreeBillboard.uasset" 589
"../../../Engine/Plugins/Editor/SpeedTreeImporter/Content/SpeedTree9/EmptyNormal.uasset" 590
"../../../Engine/Plugins/Editor/SpeedTreeImporter/Content/SpeedTree9/EmptyNormal.uexp" 591
"../../../Engine/Plugins/Editor/SpeedTreeImporter/Content/SpeedTree9/Empty.uasset" 592
"../../../Engine/Plugins/Editor/SpeedTreeImporter/Content/SpeedTree9/Empty.uexp" 593
"../../../Engine/Plugins/Editor/SpeedTreeImporter/Content/SpeedTree9/SpeedTreeBillboardMaster.uasset" 594
"../../../Engine/Plugins/Editor/SpeedTreeImporter/Content/SpeedTree9/SpeedTreeBillboardMaster.uexp" 595
"../../../Engine/Plugins/Animation/ControlRig/Content/Controls/ControlRig_Box_solid.uasset" 596
"../../../Engine/Plugins/Animation/ControlRig/Content/Controls/ControlRig_Box_solid.ubulk" 597
"../../../Engine/Plugins/Animation/ControlRig/Content/Controls/ControlRig_Box_solid.uexp" 598
"../../../Engine/Content/EditorMaterials/ParticleSystems/PSysThumbnail_NoImage.ubulk" 599
"../../../Engine/Content/EditorMaterials/ParticleSystems/PSysThumbnail_NoImage.uexp" 600
"../../../Engine/Content/EditorMaterials/ParticleSystems/PSysThumbnail_NoImage.uasset" 601
"../../../Engine/Plugins/Animation/ControlRig/Content/Controls/ControlRig_Triangle_3mm.uasset" 602
"../../../Engine/Plugins/Animation/ControlRig/Content/Controls/ControlRig_Triangle_3mm.uexp" 603
"../../../Engine/Plugins/Animation/ControlRig/Content/Controls/ControlRig_Triangle_3mm.ubulk" 604
"../../../Engine/Content/EditorMaterials/ParticleSystems/PSysThumbnail_OOD.ubulk" 605
"../../../Engine/Content/EditorMaterials/ParticleSystems/PSysThumbnail_OOD.uexp" 606
"../../../Engine/Content/EditorMaterials/ParticleSystems/PSysThumbnail_OOD.uasset" 607
"../../../Engine/Plugins/Animation/ControlRig/Content/Controls/ControlRig_Arrow_solid.ubulk" 608
"../../../Engine/Plugins/Animation/ControlRig/Content/Controls/ControlRig_Arrow_solid.uexp" 609
"../../../Engine/Plugins/Animation/ControlRig/Content/Controls/ControlRig_Arrow_solid.uasset" 610
"../../../Engine/Plugins/Animation/ControlRig/Content/Controls/ControlRig_Hexagon_solid.ubulk" 611
"../../../Engine/Plugins/Animation/ControlRig/Content/Controls/ControlRig_Hexagon_solid.uexp" 612
"../../../Engine/Plugins/Animation/ControlRig/Content/Controls/ControlRig_Hexagon_solid.uasset" 613
"../../../Engine/Plugins/Animation/ControlRig/Content/Controls/ControlRigXRayMaterial.uexp" 614
"../../../Engine/Plugins/Animation/ControlRig/Content/Controls/ControlRigXRayMaterial.uasset" 615
"../../../Engine/Plugins/Editor/SpeedTreeImporter/Content/SpeedTree9/SpeedTreeCameraFacing.uasset" 616
"../../../Engine/Plugins/Editor/SpeedTreeImporter/Content/SpeedTree9/SpeedTreeCameraFacing.uexp" 617
"../../../Engine/Plugins/Editor/SpeedTreeImporter/Content/SpeedTree9/SpeedTreeMaster.uexp" 618
"../../../Engine/Plugins/Editor/SpeedTreeImporter/Content/SpeedTree9/SpeedTreeMaster.uasset" 619
"../../../Engine/Plugins/Animation/ControlRig/Content/Controls/ControlRig_Star4_1mm.ubulk" 620
"../../../Engine/Plugins/Animation/ControlRig/Content/Controls/ControlRig_Star4_1mm.uexp" 621
"../../../Engine/Plugins/Animation/ControlRig/Content/Controls/ControlRig_Star4_1mm.uasset" 622
"../../../Engine/Plugins/Animation/ControlRig/Content/Controls/ControlRig_RoundedSquare_1mm.ubulk" 623
"../../../Engine/Plugins/Animation/ControlRig/Content/Controls/ControlRig_RoundedSquare_1mm.uexp" 624
"../../../Engine/Plugins/Animation/ControlRig/Content/Controls/ControlRig_RoundedSquare_1mm.uasset" 625
"../../../Engine/Plugins/Animation/ControlRig/Content/Controls/ControlRig_Wedge_solid.uexp" 626
"../../../Engine/Plugins/Animation/ControlRig/Content/Controls/ControlRig_Wedge_solid.ubulk" 627
"../../../Engine/Plugins/Animation/ControlRig/Content/Controls/ControlRig_Wedge_solid.uasset" 628
"../../../Engine/Plugins/Animation/ControlRig/Content/Controls/ControlRig_Pyramid_solid.uexp" 629
"../../../Engine/Plugins/Animation/ControlRig/Content/Controls/ControlRig_Pyramid_solid.ubulk" 630
"../../../Engine/Plugins/Animation/ControlRig/Content/Controls/ControlRig_Pyramid_solid.uasset" 631
"../../../Engine/Plugins/Animation/ControlRig/Content/Controls/ControlRig_Octagon_solid.uexp" 632
"../../../Engine/Plugins/Animation/ControlRig/Content/Controls/ControlRig_Octagon_solid.ubulk" 633
"../../../Engine/Plugins/Animation/ControlRig/Content/Controls/ControlRig_Octagon_solid.uasset" 634
"../../../Engine/Content/EditorMaterials/Camera/CineMat.uasset" 635
"../../../Engine/Content/EditorMaterials/Camera/CineMat.uexp" 636
"../../../Engine/Content/EditorMaterials/Camera/MI_CineMat_Rig.uasset" 637
"../../../Engine/Content/EditorMaterials/Camera/MI_CineMat_Rig.uexp" 638
"../../../Engine/Content/EditorMeshes/Camera/SM_CraneRig_Body.ubulk" 639
"../../../Engine/Content/EditorMeshes/Camera/SM_CraneRig_Body.uasset" 640
"../../../Engine/Content/EditorMeshes/Camera/SM_CraneRig_Body.uexp" 641
"../../../Engine/Content/EditorMeshes/Camera/SM_RailRig_Mount.ubulk" 642
"../../../Engine/Content/EditorMeshes/Camera/SM_RailRig_Mount.uexp" 643
"../../../Engine/Content/EditorMeshes/Camera/SM_RailRig_Mount.uasset" 644
"../../../Engine/Content/EditorMeshes/Camera/SM_CraneRig_Base.ubulk" 645
"../../../Engine/Content/EditorMeshes/Camera/SM_CraneRig_Base.uexp" 646
"../../../Engine/Content/EditorMeshes/Camera/SM_CraneRig_Base.uasset" 647
"../../../Engine/Content/EngineMaterials/EnergyConservation/GGX_ReflectionEnergy.uasset" 648
"../../../Engine/Content/EngineMaterials/EnergyConservation/GGX_ReflectionEnergy.uexp" 649
"../../../Engine/Plugins/Interchange/Assets/Content/Substrate/MX_SimpleVolume.uexp" 650
"../../../Engine/Plugins/Interchange/Assets/Content/Substrate/MX_SimpleVolume.uasset" 651
"../../../Engine/Content/EditorMeshes/Camera/SM_CraneRig_Mount.uexp" 652
"../../../Engine/Content/EditorMeshes/Camera/SM_CraneRig_Mount.ubulk" 653
"../../../Engine/Content/EditorMeshes/Camera/SM_CraneRig_Mount.uasset" 654
"../../../Engine/Content/EngineMaterials/EnergyConservation/GGX_TransmissionEnergyArray.uasset" 655
"../../../Engine/Content/EngineMaterials/EnergyConservation/GGX_TransmissionEnergyArray.uexp" 656
"../../../Engine/Content/EditorMeshes/Camera/SM_CraneRig_Arm.ubulk" 657
"../../../Engine/Content/EditorMeshes/Camera/SM_CraneRig_Arm.uexp" 658
"../../../Engine/Content/EditorMeshes/Camera/SM_CraneRig_Arm.uasset" 659
"../../../Engine/Content/EngineMaterials/EnergyConservation/Sheen_Energy.uasset" 660
"../../../Engine/Content/EngineMaterials/EnergyConservation/Sheen_Energy.uexp" 661
"../../../Engine/Content/EditorMeshes/Camera/SM_RailRig_Track.uexp" 662
"../../../Engine/Content/EditorMeshes/Camera/SM_RailRig_Track.ubulk" 663
"../../../Engine/Content/EditorMeshes/Camera/SM_RailRig_Track.uasset" 664
"../../../Engine/Content/EngineMaterials/EnergyConservation/SheenLegacy_Energy.uasset" 665
"../../../Engine/Content/EngineMaterials/EnergyConservation/SheenLegacy_Energy.uexp" 666
"../../../Engine/Content/EngineMaterials/EnergyConservation/Diffuse_Energy.uexp" 667
"../../../Engine/Content/EngineMaterials/EnergyConservation/Diffuse_Energy.uasset" 668
"../../../Engine/Content/EngineMaterials/LTC/GGX_LTCMat.uexp" 669
"../../../Engine/Content/EngineMaterials/LTC/GGX_LTCMat.uasset" 670
"../../../Engine/Content/EngineMaterials/LTC/Sheen_LTC.uasset" 671
"../../../Engine/Content/EngineMaterials/LTC/Sheen_LTC.uexp" 672
"../../../Engine/Content/EngineMaterials/LTC/GGX_LTCAmp.uexp" 673
"../../../Engine/Content/EngineMaterials/LTC/GGX_LTCAmp.uasset" 674
"../../../Engine/Content/EngineResources/Development/ZenLogo_64.uasset" 675
"../../../Engine/Content/EngineResources/Development/ZenLogo_64.uexp" 676
"../../../Engine/Content/EngineResources/FilmGrains/Marcie_Grain_v3_128_M2_000.uexp" 677
"../../../Engine/Content/EngineResources/FilmGrains/Marcie_Grain_v3_128_M2_000.uasset" 678
"../../../Engine/Content/EditorMaterials/Dataflow/DataflowVertexMaterial.uasset" 679
"../../../Engine/Content/EditorMaterials/Dataflow/DataflowVertexMaterial.uexp" 680
"../../../Engine/Content/EditorMaterials/Dataflow/DataflowTwoSidedVertexMaterial.uasset" 681
"../../../Engine/Content/EditorMaterials/Dataflow/DataflowTwoSidedVertexMaterial.uexp" 682
"../../../Engine/Content/EditorResources/SequenceRecorder/Countdown.uasset" 683
"../../../Engine/Content/EditorResources/SequenceRecorder/Countdown.uexp" 684
"../../../Engine/Content/EditorResources/SequenceRecorder/RecordingIndicator.uexp" 685
"../../../Engine/Content/EditorResources/SequenceRecorder/RecordingIndicator.uasset" 686
"../../../Engine/Plugins/Interchange/Assets/Content/Functions/MF_IridescenceNoLUT.uexp" 687
"../../../Engine/Plugins/Interchange/Assets/Content/Functions/MF_IridescenceNoLUT.uasset" 688
"../../../Engine/Plugins/Interchange/Assets/Content/Functions/MX_StandardSurface.uasset" 689
"../../../Engine/Plugins/Interchange/Assets/Content/Functions/MX_StandardSurface.uexp" 690
"../../../Engine/Plugins/Interchange/Assets/Content/Functions/MX_TransmissionSurface.uexp" 691
"../../../Engine/Plugins/Interchange/Assets/Content/Functions/MX_TransmissionSurface.uasset" 692
"../../../Engine/Plugins/Interchange/Assets/Content/Functions/MX_OpenPBR_Translucent.uasset" 693
"../../../Engine/Plugins/Interchange/Assets/Content/Functions/MX_OpenPBR_Translucent.uexp" 694
"../../../Engine/Plugins/Interchange/Assets/Content/Functions/MX_OrenNayarBSDF.uasset" 695
"../../../Engine/Plugins/Interchange/Assets/Content/Functions/MX_OrenNayarBSDF.uexp" 696
"../../../Engine/Plugins/Interchange/Assets/Content/Functions/MX_AbsorptionVDF.uasset" 697
"../../../Engine/Plugins/Interchange/Assets/Content/Functions/MX_AbsorptionVDF.uexp" 698
"../../../Engine/Plugins/Interchange/Assets/Content/Functions/MX_DielectricBSDF.uasset" 699
"../../../Engine/Plugins/Interchange/Assets/Content/Functions/MX_DielectricBSDF.uexp" 700
"../../../Engine/Plugins/Interchange/Assets/Content/Functions/MX_BurleyDiffuseBSDF.uasset" 701
"../../../Engine/Plugins/Interchange/Assets/Content/Functions/MX_BurleyDiffuseBSDF.uexp" 702
"../../../Engine/Plugins/Interchange/Assets/Content/Functions/MX_ChiangHairBSDF.uasset" 703
"../../../Engine/Plugins/Interchange/Assets/Content/Functions/MX_ChiangHairBSDF.uexp" 704
"../../../Engine/Plugins/Runtime/HairStrands/Content/Materials/HairMeshesDefaultMaterial.uasset" 705
"../../../Engine/Plugins/Runtime/HairStrands/Content/Materials/HairMeshesDefaultMaterial.uexp" 706
"../../../Engine/Plugins/Runtime/HairStrands/Content/Materials/HairDefaultMaterial.uasset" 707
"../../../Engine/Plugins/Runtime/HairStrands/Content/Materials/HairDefaultMaterial.uexp" 708
"../../../Engine/Content/Functions/Engine_MaterialFunctions02/Utility/MakeFloat2.uexp" 709
"../../../Engine/Content/Functions/Engine_MaterialFunctions02/Utility/MakeFloat2.uasset" 710
"../../../Engine/Content/EngineMaterials/HairColorMap.uasset" 711
"../../../Engine/Content/EngineMaterials/HairColorMap.uexp" 712
"../../../Engine/Content/EngineMaterials/HairDebugColor.uexp" 713
"../../../Engine/Content/EngineMaterials/HairDebugColor.uasset" 714
"../../../Engine/Plugins/Runtime/HairStrands/Content/Materials/HairGroupColors.uexp" 715
"../../../Engine/Plugins/Runtime/HairStrands/Content/Materials/HairGroupColors.uasset" 716
"../../../Engine/Plugins/Runtime/HairStrands/Content/Materials/HairDebugMaterial.uexp" 717
"../../../Engine/Plugins/Runtime/HairStrands/Content/Materials/HairDebugMaterial.uasset" 718
"../../../Engine/Plugins/Interchange/Assets/Content/Functions/MX_MeasuredEDF.uasset" 719
"../../../Engine/Plugins/Interchange/Assets/Content/Functions/MX_MeasuredEDF.uexp" 720
"../../../Engine/Plugins/Interchange/Assets/Content/Functions/MX_ConicalEDF.uasset" 721
"../../../Engine/Plugins/Interchange/Assets/Content/Functions/MX_ConicalEDF.uexp" 722
"../../../Engine/Plugins/Runtime/HairStrands/Content/Materials/HairCardsDefaultMaterial.uexp" 723
"../../../Engine/Plugins/Runtime/HairStrands/Content/Materials/HairCardsDefaultMaterial.uasset" 724
"../../../Engine/Plugins/Interchange/Assets/Content/Functions/MX_SubsurfaceBSDF.uexp" 725
"../../../Engine/Plugins/Interchange/Assets/Content/Functions/MX_SubsurfaceBSDF.uasset" 726
"../../../Engine/Plugins/Interchange/Assets/Content/Functions/MX_SheenBSDF.uexp" 727
"../../../Engine/Plugins/Interchange/Assets/Content/Functions/MX_SheenBSDF.uasset" 728
"../../../Engine/Plugins/Interchange/Assets/Content/Functions/MX_AnisotropicVDF.uexp" 729
"../../../Engine/Plugins/Interchange/Assets/Content/Functions/MX_AnisotropicVDF.uasset" 730
"../../../Engine/Content/VREditor/TransformGizmo/BoundingBoxCorner.ubulk" 731
"../../../Engine/Content/VREditor/TransformGizmo/BoundingBoxCorner.uasset" 732
"../../../Engine/Content/VREditor/TransformGizmo/BoundingBoxCorner.uexp" 733
"../../../Engine/Plugins/Interchange/Assets/Content/Functions/MX_TranslucentBSDF.uasset" 734
"../../../Engine/Plugins/Interchange/Assets/Content/Functions/MX_TranslucentBSDF.uexp" 735
"../../../Engine/Plugins/Interchange/Assets/Content/Functions/MX_UsdPreviewSurface.uexp" 736
"../../../Engine/Plugins/Interchange/Assets/Content/Functions/MX_UsdPreviewSurface.uasset" 737
"../../../Engine/Plugins/Interchange/Assets/Content/Functions/MX_OpenPBR_Opaque.uexp" 738
"../../../Engine/Plugins/Interchange/Assets/Content/Functions/MX_OpenPBR_Opaque.uasset" 739
"../../../Engine/Plugins/Interchange/Assets/Content/Functions/MX_ConductorBSDF.uexp" 740
"../../../Engine/Plugins/Interchange/Assets/Content/Functions/MX_ConductorBSDF.uasset" 741
"../../../Engine/Plugins/Interchange/Assets/Content/Functions/MX_SurfaceUnlit.uasset" 742
"../../../Engine/Plugins/Interchange/Assets/Content/Functions/MX_SurfaceUnlit.uexp" 743
"../../../Engine/Plugins/Interchange/Assets/Content/Functions/MX_Surface.uexp" 744
"../../../Engine/Plugins/Interchange/Assets/Content/Functions/MX_Surface.uasset" 745
"../../../Engine/Content/VREditor/TransformGizmo/Main.uasset" 746
"../../../Engine/Content/VREditor/TransformGizmo/Main.uexp" 747
"../../../Engine/Content/VREditor/TransformGizmo/Xray.uexp" 748
"../../../Engine/Content/VREditor/TransformGizmo/Xray.uasset" 749
"../../../Engine/Content/VREditor/TransformGizmo/SM_Sequencer_Node.uexp" 750
"../../../Engine/Content/VREditor/TransformGizmo/SM_Sequencer_Node.ubulk" 751
"../../../Engine/Content/VREditor/TransformGizmo/SM_Sequencer_Node.uasset" 752
"../../../Engine/Content/VREditor/TransformGizmo/BoundingBoxEdge.ubulk" 753
"../../../Engine/Content/VREditor/TransformGizmo/BoundingBoxEdge.uexp" 754
"../../../Engine/Content/VREditor/TransformGizmo/BoundingBoxEdge.uasset" 755
"../../../Engine/Plugins/Interchange/Assets/Content/Functions/MX_UniformEDF.uexp" 756
"../../../Engine/Plugins/Interchange/Assets/Content/Functions/MX_UniformEDF.uasset" 757
"../../../Engine/Plugins/Experimental/MeshModelingToolsetExp/Content/Materials/GetDisplacementVectorForDepthBias.uexp" 758
"../../../Engine/Plugins/Experimental/MeshModelingToolsetExp/Content/Materials/GetDisplacementVectorForDepthBias.uasset" 759
"../../../Engine/Content/Functions/Engine_MaterialFunctions03/Viewport/MF_OrthoWidth.uasset" 760
"../../../Engine/Content/Functions/Engine_MaterialFunctions03/Viewport/MF_OrthoWidth.uexp" 761
"../../../Engine/Content/Functions/Engine_MaterialFunctions02/Utility/FOV.uasset" 762
"../../../Engine/Content/Functions/Engine_MaterialFunctions02/Utility/FOV.uexp" 763
"../../../Engine/Content/Functions/Engine_MaterialFunctions02/WorldPositionOffset/V2/ObjectScale.uexp" 764
"../../../Engine/Content/Functions/Engine_MaterialFunctions02/WorldPositionOffset/V2/ObjectScale.uasset" 765
"../../../Engine/Plugins/Experimental/MeshModelingToolsetExp/Content/Materials/PointSetOverlaidComponentMaterial.uasset" 766
"../../../Engine/Plugins/Experimental/MeshModelingToolsetExp/Content/Materials/PointSetOverlaidComponentMaterial.uexp" 767
"../../../Engine/Plugins/Interchange/Assets/Content/Utilities/New_LUT.uasset" 768
"../../../Engine/Plugins/Interchange/Assets/Content/Utilities/New_LUT.uexp" 769
"../../../Engine/Content/Functions/Engine_MaterialFunctions03/Math/RemapValueRange.uexp" 770
"../../../Engine/Content/Functions/Engine_MaterialFunctions03/Math/RemapValueRange.uasset" 771
"../../../Engine/Plugins/Interchange/Assets/Content/Functions/MF_Iridescence.uasset" 772
"../../../Engine/Plugins/Interchange/Assets/Content/Functions/MF_Iridescence.uexp" 773
"../../../Engine/Plugins/Interchange/Assets/Content/gltf/Textures/T_White_srgb.uasset" 774
"../../../Engine/Plugins/Interchange/Assets/Content/gltf/Textures/T_White_srgb.uexp" 775
"../../../Engine/Plugins/Interchange/Assets/Content/gltf/MaterialFunctions/MF_BaseColor.uexp" 776
"../../../Engine/Plugins/Interchange/Assets/Content/gltf/MaterialFunctions/MF_BaseColor.uasset" 777
"../../../Engine/Plugins/Interchange/Assets/Content/gltf/MaterialFunctions/MF_IOR.uexp" 778
"../../../Engine/Plugins/Interchange/Assets/Content/gltf/MaterialFunctions/MF_IOR.uasset" 779
"../../../Engine/Plugins/Interchange/Assets/Content/gltf/MaterialFunctions/MF_Iridescence.uasset" 780
"../../../Engine/Plugins/Interchange/Assets/Content/gltf/MaterialFunctions/MF_Iridescence.uexp" 781
"../../../Engine/Plugins/Interchange/Assets/Content/gltf/Textures/T_White_Linear.uexp" 782
"../../../Engine/Plugins/Interchange/Assets/Content/gltf/Textures/T_White_Linear.uasset" 783
"../../../Engine/Plugins/Interchange/Assets/Content/gltf/MaterialFunctions/MF_MetallicRoughness.uexp" 784
"../../../Engine/Plugins/Interchange/Assets/Content/gltf/MaterialFunctions/MF_MetallicRoughness.uasset" 785
"../../../Engine/Plugins/Interchange/Assets/Content/gltf/MaterialFunctions/MF_RotateNormals_TS.uexp" 786
"../../../Engine/Plugins/Interchange/Assets/Content/gltf/MaterialFunctions/MF_RotateNormals_TS.uasset" 787
"../../../Engine/Plugins/Interchange/Assets/Content/gltf/MaterialFunctions/MF_ScaleNormal.uasset" 788
"../../../Engine/Plugins/Interchange/Assets/Content/gltf/MaterialFunctions/MF_ScaleNormal.uexp" 789
"../../../Engine/Plugins/Interchange/Assets/Content/gltf/Textures/T_Generic_N.uasset" 790
"../../../Engine/Plugins/Interchange/Assets/Content/gltf/Textures/T_Generic_N.uexp" 791
"../../../Engine/Plugins/Interchange/Assets/Content/gltf/MaterialFunctions/MF_Normals.uasset" 792
"../../../Engine/Plugins/Interchange/Assets/Content/gltf/MaterialFunctions/MF_Normals.uexp" 793
"../../../Engine/Plugins/Interchange/Assets/Content/gltf/MaterialFunctions/MF_Occlusion.uasset" 794
"../../../Engine/Plugins/Interchange/Assets/Content/gltf/MaterialFunctions/MF_Occlusion.uexp" 795
"../../../Engine/Plugins/Interchange/Assets/Content/gltf/MaterialFunctions/MF_RotateV2.uasset" 796
"../../../Engine/Plugins/Interchange/Assets/Content/gltf/MaterialFunctions/MF_RotateV2.uexp" 797
"../../../Engine/Plugins/Interchange/Assets/Content/gltf/MaterialFunctions/MF_Specular.uexp" 798
"../../../Engine/Plugins/Interchange/Assets/Content/gltf/MaterialFunctions/MF_Specular.uasset" 799
"../../../Engine/Plugins/Interchange/Assets/Content/gltf/Textures/T_Anisotropy_Direction_Linear.uasset" 800
"../../../Engine/Plugins/Interchange/Assets/Content/gltf/Textures/T_Anisotropy_Direction_Linear.uexp" 801
"../../../Engine/Plugins/Interchange/Assets/Content/gltf/MaterialFunctions/MF_SpecularAnisotropy.uasset" 802
"../../../Engine/Plugins/Interchange/Assets/Content/gltf/MaterialFunctions/MF_SpecularAnisotropy.uexp" 803
"../../../Engine/Plugins/Interchange/Assets/Content/gltf/MaterialFunctions/MF_TransformUVs.uasset" 804
"../../../Engine/Plugins/Interchange/Assets/Content/gltf/MaterialFunctions/MF_TransformUVs.uexp" 805
"../../../Engine/Plugins/Interchange/Assets/Content/gltf/MaterialFunctions/MF_Emissive.uexp" 806
"../../../Engine/Plugins/Interchange/Assets/Content/gltf/MaterialFunctions/MF_Emissive.uasset" 807
"../../../Engine/Plugins/Interchange/Assets/Content/gltf/MaterialBodies/MF_Default_Body.uasset" 808
"../../../Engine/Plugins/Interchange/Assets/Content/gltf/MaterialBodies/MF_Default_Body.uexp" 809
"../../../Engine/Plugins/Interchange/Assets/Content/gltf/M_Default.uasset" 810
"../../../Engine/Plugins/Interchange/Assets/Content/gltf/M_Default.uexp" 811
"../../../Engine/Plugins/Interchange/Assets/Content/gltf/MaterialInstances/MI_Default_Mask.uasset" 812
"../../../Engine/Plugins/Interchange/Assets/Content/gltf/MaterialInstances/MI_Default_Mask.uexp" 813
"../../../Engine/Content/Functions/Engine_MaterialFunctions02/Math/AddComponents.uexp" 814
"../../../Engine/Content/Functions/Engine_MaterialFunctions02/Math/AddComponents.uasset" 815
"../../../Engine/Plugins/Interchange/Assets/Content/gltf/MaterialFunctions/MF_DiffuseSpecGloss.uasset" 816
"../../../Engine/Plugins/Interchange/Assets/Content/gltf/MaterialFunctions/MF_DiffuseSpecGloss.uexp" 817
"../../../Engine/Plugins/Interchange/Assets/Content/gltf/MaterialFunctions/MF_MaxComponentValue.uexp" 818
"../../../Engine/Plugins/Interchange/Assets/Content/gltf/MaterialFunctions/MF_MaxComponentValue.uasset" 819
"../../../Engine/Plugins/Interchange/Assets/Content/gltf/MaterialFunctions/MF_PerceivedBrightness.uasset" 820
"../../../Engine/Plugins/Interchange/Assets/Content/gltf/MaterialFunctions/MF_PerceivedBrightness.uexp" 821
"../../../Engine/Plugins/Interchange/Assets/Content/gltf/MaterialFunctions/MF_SpecGlossToMetalRoughness.uasset" 822
"../../../Engine/Plugins/Interchange/Assets/Content/gltf/MaterialFunctions/MF_SpecGlossToMetalRoughness.uexp" 823
"../../../Engine/Plugins/Interchange/Assets/Content/gltf/MaterialBodies/MF_SpecularGlossiness_Body.uasset" 824
"../../../Engine/Plugins/Interchange/Assets/Content/gltf/MaterialBodies/MF_SpecularGlossiness_Body.uexp" 825
"../../../Engine/Plugins/Interchange/Assets/Content/gltf/M_SpecularGlossiness.uexp" 826
"../../../Engine/Plugins/Interchange/Assets/Content/gltf/M_SpecularGlossiness.uasset" 827
"../../../Engine/Plugins/Interchange/Assets/Content/gltf/MaterialInstances/MI_SpecularGlossiness_Blend_DS.uasset" 828
"../../../Engine/Plugins/Interchange/Assets/Content/gltf/MaterialInstances/MI_SpecularGlossiness_Blend_DS.uexp" 829
"../../../Engine/Plugins/Interchange/Assets/Content/gltf/MaterialFunctions/MF_Sheen.uasset" 830
"../../../Engine/Plugins/Interchange/Assets/Content/gltf/MaterialFunctions/MF_Sheen.uexp" 831
"../../../Engine/Plugins/Interchange/Assets/Content/gltf/MaterialBodies/MF_Sheen_Body.uexp" 832
"../../../Engine/Plugins/Interchange/Assets/Content/gltf/MaterialBodies/MF_Sheen_Body.uasset" 833
"../../../Engine/Plugins/Interchange/Assets/Content/gltf/M_Sheen.uasset" 834
"../../../Engine/Plugins/Interchange/Assets/Content/gltf/M_Sheen.uexp" 835
"../../../Engine/Plugins/Interchange/Assets/Content/gltf/MaterialInstances/MI_Sheen_Blend.uexp" 836
"../../../Engine/Plugins/Interchange/Assets/Content/gltf/MaterialInstances/MI_Sheen_Blend.uasset" 837
"../../../Engine/Content/Functions/Engine_MaterialFunctions01/Texturing/FlattenNormal.uasset" 838
"../../../Engine/Content/Functions/Engine_MaterialFunctions01/Texturing/FlattenNormal.uexp" 839
"../../../Engine/Plugins/Interchange/Assets/Content/gltf/MaterialFunctions/MF_Clearcoat.uexp" 840
"../../../Engine/Plugins/Interchange/Assets/Content/gltf/MaterialFunctions/MF_Clearcoat.uasset" 841
"../../../Engine/Plugins/Interchange/Assets/Content/gltf/MaterialBodies/MF_ClearCoat_Body.uexp" 842
"../../../Engine/Plugins/Interchange/Assets/Content/gltf/MaterialBodies/MF_ClearCoat_Body.uasset" 843
"../../../Engine/Plugins/Interchange/Assets/Content/gltf/M_ClearCoat.uexp" 844
"../../../Engine/Plugins/Interchange/Assets/Content/gltf/M_ClearCoat.uasset" 845
"../../../Engine/Plugins/Interchange/Assets/Content/gltf/MaterialInstances/MI_ClearCoat_Opaque_DS.uexp" 846
"../../../Engine/Plugins/Interchange/Assets/Content/gltf/MaterialInstances/MI_ClearCoat_Opaque_DS.uasset" 847
"../../../Engine/Plugins/Interchange/Assets/Content/gltf/MaterialInstances/MI_SpecularGlossiness_Blend.uasset" 848
"../../../Engine/Plugins/Interchange/Assets/Content/gltf/MaterialInstances/MI_SpecularGlossiness_Blend.uexp" 849
"../../../Engine/Plugins/Interchange/Assets/Content/gltf/MaterialInstances/MI_Default_Blend_DS.uexp" 850
"../../../Engine/Plugins/Interchange/Assets/Content/gltf/MaterialInstances/MI_Default_Blend_DS.uasset" 851
"../../../Engine/Plugins/Interchange/Assets/Content/gltf/MaterialInstances/MI_Default_Opaque.uexp" 852
"../../../Engine/Plugins/Interchange/Assets/Content/gltf/MaterialInstances/MI_Default_Opaque.uasset" 853
"../../../Engine/Plugins/Interchange/Assets/Content/gltf/MaterialInstances/MI_Default_Blend.uasset" 854
"../../../Engine/Plugins/Interchange/Assets/Content/gltf/MaterialInstances/MI_Default_Blend.uexp" 855
"../../../Engine/Plugins/Interchange/Assets/Content/gltf/MaterialInstances/MI_ClearCoat_Blend.uexp" 856
"../../../Engine/Plugins/Interchange/Assets/Content/gltf/MaterialInstances/MI_ClearCoat_Blend.uasset" 857
"../../../Engine/Plugins/Interchange/Assets/Content/gltf/MaterialBodies/MF_Unlit_Body.uasset" 858
"../../../Engine/Plugins/Interchange/Assets/Content/gltf/MaterialBodies/MF_Unlit_Body.uexp" 859
"../../../Engine/Plugins/Interchange/Assets/Content/gltf/M_Unlit.uasset" 860
"../../../Engine/Plugins/Interchange/Assets/Content/gltf/M_Unlit.uexp" 861
"../../../Engine/Plugins/Interchange/Assets/Content/gltf/MaterialInstances/MI_Unlit_Opaque_DS.uexp" 862
"../../../Engine/Plugins/Interchange/Assets/Content/gltf/MaterialInstances/MI_Unlit_Opaque_DS.uasset" 863
"../../../Engine/Plugins/Interchange/Assets/Content/gltf/MaterialInstances/MI_Sheen_Mask_DS.uasset" 864
"../../../Engine/Plugins/Interchange/Assets/Content/gltf/MaterialInstances/MI_Sheen_Mask_DS.uexp" 865
"../../../Engine/Plugins/Interchange/Assets/Content/gltf/MaterialInstances/MI_Sheen_Opaque.uasset" 866
"../../../Engine/Plugins/Interchange/Assets/Content/gltf/MaterialInstances/MI_Sheen_Opaque.uexp" 867
"../../../Engine/Plugins/Interchange/Assets/Content/gltf/MaterialInstances/MI_Default_Mask_DS.uexp" 868
"../../../Engine/Plugins/Interchange/Assets/Content/gltf/MaterialInstances/MI_Default_Mask_DS.uasset" 869
"../../../Engine/Plugins/Interchange/Assets/Content/gltf/MaterialInstances/MI_Default_Opaque_DS.uexp" 870
"../../../Engine/Plugins/Interchange/Assets/Content/gltf/MaterialInstances/MI_Default_Opaque_DS.uasset" 871
"../../../Engine/Plugins/Interchange/Assets/Content/gltf/MaterialInstances/MI_Unlit_Blend.uasset" 872
"../../../Engine/Plugins/Interchange/Assets/Content/gltf/MaterialInstances/MI_Unlit_Blend.uexp" 873
"../../../Engine/Plugins/Interchange/Assets/Content/gltf/MaterialInstances/MI_Sheen_Mask.uexp" 874
"../../../Engine/Plugins/Interchange/Assets/Content/gltf/MaterialInstances/MI_Sheen_Mask.uasset" 875
"../../../Engine/Plugins/Interchange/Assets/Content/gltf/MaterialInstances/MI_Unlit_Mask_DS.uasset" 876
"../../../Engine/Plugins/Interchange/Assets/Content/gltf/MaterialInstances/MI_Unlit_Mask_DS.uexp" 877
"../../../Engine/Plugins/Interchange/Assets/Content/gltf/MaterialInstances/MI_Sheen_Opaque_DS.uasset" 878
"../../../Engine/Plugins/Interchange/Assets/Content/gltf/MaterialInstances/MI_Sheen_Opaque_DS.uexp" 879
"../../../Engine/Plugins/Interchange/Assets/Content/gltf/MaterialInstances/MI_SpecularGlossiness_Mask.uexp" 880
"../../../Engine/Plugins/Interchange/Assets/Content/gltf/MaterialInstances/MI_SpecularGlossiness_Mask.uasset" 881
"../../../Engine/Plugins/Interchange/Assets/Content/gltf/MaterialInstances/MI_ClearCoat_Mask_DS.uexp" 882
"../../../Engine/Plugins/Interchange/Assets/Content/gltf/MaterialInstances/MI_ClearCoat_Mask_DS.uasset" 883
"../../../Engine/Plugins/Interchange/Assets/Content/gltf/MaterialInstances/MI_SpecularGlossiness_Opaque.uasset" 884
"../../../Engine/Plugins/Interchange/Assets/Content/gltf/MaterialInstances/MI_SpecularGlossiness_Opaque.uexp" 885
"../../../Engine/Plugins/Interchange/Assets/Content/gltf/MaterialInstances/MI_Unlit_Blend_DS.uexp" 886
"../../../Engine/Plugins/Interchange/Assets/Content/gltf/MaterialInstances/MI_Unlit_Blend_DS.uasset" 887
"../../../Engine/Plugins/Interchange/Assets/Content/gltf/MaterialInstances/MI_SpecularGlossiness_Opaque_DS.uexp" 888
"../../../Engine/Plugins/Interchange/Assets/Content/gltf/MaterialInstances/MI_SpecularGlossiness_Opaque_DS.uasset" 889
"../../../Engine/Content/EngineMaterials/Good64x64TilingNoiseHighFreq.uasset" 890
"../../../Engine/Content/EngineMaterials/Good64x64TilingNoiseHighFreq.uexp" 891
"../../../Engine/Content/Functions/Engine_MaterialFunctions02/Texturing/ScreenAlignedPixelToPixelUVs.uasset" 892
"../../../Engine/Content/Functions/Engine_MaterialFunctions02/Texturing/ScreenAlignedPixelToPixelUVs.uexp" 893
"../../../Engine/Plugins/Interchange/Assets/Content/gltf/MaterialFunctions/MF_Fresnel_DS.uexp" 894
"../../../Engine/Plugins/Interchange/Assets/Content/gltf/MaterialFunctions/MF_Fresnel_DS.uasset" 895
"../../../Engine/Plugins/Interchange/Assets/Content/gltf/MaterialFunctions/MF_Temporal_Blur.uexp" 896
"../../../Engine/Plugins/Interchange/Assets/Content/gltf/MaterialFunctions/MF_Temporal_Blur.uasset" 897
"../../../Engine/Plugins/Interchange/Assets/Content/gltf/MaterialFunctions/MF_Transmission.uasset" 898
"../../../Engine/Plugins/Interchange/Assets/Content/gltf/MaterialFunctions/MF_Transmission.uexp" 899
"../../../Engine/Plugins/Interchange/Assets/Content/gltf/MaterialBodies/MF_Transmission_Body.uasset" 900
"../../../Engine/Plugins/Interchange/Assets/Content/gltf/MaterialBodies/MF_Transmission_Body.uexp" 901
"../../../Engine/Plugins/Interchange/Assets/Content/gltf/M_Transmission.uasset" 902
"../../../Engine/Plugins/Interchange/Assets/Content/gltf/M_Transmission.uexp" 903
"../../../Engine/Plugins/Interchange/Assets/Content/gltf/MaterialInstances/MI_Transmission_DS.uexp" 904
"../../../Engine/Plugins/Interchange/Assets/Content/gltf/MaterialInstances/MI_Transmission_DS.uasset" 905
"../../../Engine/Plugins/Interchange/Assets/Content/gltf/MaterialInstances/MI_ClearCoat_Opaque.uexp" 906
"../../../Engine/Plugins/Interchange/Assets/Content/gltf/MaterialInstances/MI_ClearCoat_Opaque.uasset" 907
"../../../Engine/Plugins/Interchange/Assets/Content/gltf/MaterialInstances/MI_Unlit_Opaque.uexp" 908
"../../../Engine/Plugins/Interchange/Assets/Content/gltf/MaterialInstances/MI_Unlit_Opaque.uasset" 909
"../../../Engine/Plugins/Interchange/Assets/Content/gltf/MaterialInstances/MI_Unlit_Mask.uasset" 910
"../../../Engine/Plugins/Interchange/Assets/Content/gltf/MaterialInstances/MI_Unlit_Mask.uexp" 911
"../../../Engine/Plugins/Interchange/Assets/Content/gltf/MaterialInstances/MI_SpecularGlossiness_Mask_DS.uexp" 912
"../../../Engine/Plugins/Interchange/Assets/Content/gltf/MaterialInstances/MI_SpecularGlossiness_Mask_DS.uasset" 913
"../../../Engine/Plugins/Interchange/Assets/Content/gltf/MaterialInstances/MI_ClearCoat_Blend_DS.uexp" 914
"../../../Engine/Plugins/Interchange/Assets/Content/gltf/MaterialInstances/MI_ClearCoat_Blend_DS.uasset" 915
"../../../Engine/Plugins/Interchange/Assets/Content/gltf/MaterialInstances/MI_Transmission.uexp" 916
"../../../Engine/Plugins/Interchange/Assets/Content/gltf/MaterialInstances/MI_Transmission.uasset" 917
"../../../Engine/Plugins/Interchange/Assets/Content/gltf/MaterialInstances/MI_ClearCoat_Mask.uexp" 918
"../../../Engine/Plugins/Interchange/Assets/Content/gltf/MaterialInstances/MI_ClearCoat_Mask.uasset" 919
"../../../Engine/Plugins/Interchange/Assets/Content/gltf/MaterialInstances/MI_Sheen_Blend_DS.uexp" 920
"../../../Engine/Plugins/Interchange/Assets/Content/gltf/MaterialInstances/MI_Sheen_Blend_DS.uasset" 921
"../../../Engine/Content/ArtTools/RenderToTexture/Meshes/S_1_Unit_Plane.uexp" 922
"../../../Engine/Content/ArtTools/RenderToTexture/Meshes/S_1_Unit_Plane.ubulk" 923
"../../../Engine/Content/ArtTools/RenderToTexture/Meshes/S_1_Unit_Plane.uasset" 924
"../../../Engine/Plugins/Animation/DeformerGraph/Content/DeformerFunctions/DG_Function_LinearBlendSkin_Morph_Cloth_PositionOnly.uexp" 925
"../../../Engine/Plugins/Animation/DeformerGraph/Content/DeformerFunctions/DG_Function_LinearBlendSkin_Morph_Cloth_PositionOnly.uasset" 926
"../../../Engine/Plugins/Animation/DeformerGraph/Content/DeformerFunctions/DG_Function_ComputeNormalsTangents.uexp" 927
"../../../Engine/Plugins/Animation/DeformerGraph/Content/DeformerFunctions/DG_Function_ComputeNormalsTangents.uasset" 928
"../../../Engine/Plugins/Animation/DeformerGraph/Content/Deformers/DG_LinearBlendSkin_Morph_Cloth_RecomputeNormals.uasset" 929
"../../../Engine/Plugins/Animation/DeformerGraph/Content/Deformers/DG_LinearBlendSkin_Morph_Cloth_RecomputeNormals.uexp" 930
"../../../Engine/Plugins/Animation/DeformerGraph/Content/DeformerFunctions/DG_Function_LinearBlendSkin_Morph_Cloth.uexp" 931
"../../../Engine/Plugins/Animation/DeformerGraph/Content/DeformerFunctions/DG_Function_LinearBlendSkin_Morph_Cloth.uasset" 932
"../../../Engine/Plugins/Animation/DeformerGraph/Content/Deformers/DG_LinearBlendSkin_Morph_Cloth.uasset" 933
"../../../Engine/Plugins/Animation/DeformerGraph/Content/Deformers/DG_LinearBlendSkin_Morph_Cloth.uexp" 934
"../../../Engine/Content/EngineMaterials/Substrate/GLints/AGlintTex2dArray.uasset" 935
"../../../Engine/Content/EngineMaterials/Substrate/GLints/AGlintTex2dArray.uexp" 936
"../../../Engine/Content/EngineMaterials/Substrate/Glints2/AGlintTex2dArray2.uasset" 937
"../../../Engine/Content/EngineMaterials/Substrate/Glints2/AGlintTex2dArray2.uexp" 938
"../../../Engine/Content/EngineMaterials/Substrate/Volume/SubstrateSimpleVolumeLUT3D.uasset" 939
"../../../Engine/Content/EngineMaterials/Substrate/Volume/SubstrateSimpleVolumeLUT3D.uexp" 940
"../../../Engine/Content/EngineMaterials/Substrate/Volume/SubstrateSimpleVolumeEnvLUT3D.uexp" 941
"../../../Engine/Content/EngineMaterials/Substrate/Volume/SubstrateSimpleVolumeEnvLUT3D.uasset" 942
"../../../Engine/Content/Functions/Engine_MaterialFunctions01/Shading/ConvertFromDiffSpec.uexp" 943
"../../../Engine/Content/Functions/Engine_MaterialFunctions01/Shading/ConvertFromDiffSpec.uasset" 944
"../../../Engine/Content/Functions/Engine_MaterialFunctions01/Shading/PowerToRoughness.uexp" 945
"../../../Engine/Content/Functions/Engine_MaterialFunctions01/Shading/PowerToRoughness.uasset" 946
"../../../Engine/Plugins/Interchange/Runtime/Content/Pipelines/DefaultAudioPipeline.uasset" 947
"../../../Engine/Plugins/Interchange/Runtime/Content/Pipelines/DefaultAudioPipeline.uexp" 948
"../../../Engine/Plugins/Interchange/Runtime/Content/Pipelines/DefaultMaterialXPipeline.uexp" 949
"../../../Engine/Plugins/Interchange/Runtime/Content/Pipelines/DefaultMaterialXPipeline.uasset" 950
"../../../Engine/Plugins/Interchange/Runtime/Content/Pipelines/DefaultSceneLevelPipeline.uexp" 951
"../../../Engine/Plugins/Interchange/Runtime/Content/Pipelines/DefaultSceneLevelPipeline.uasset" 952
"../../../Engine/Plugins/Interchange/Runtime/Content/Pipelines/DefaultAssetsPipeline.uexp" 953
"../../../Engine/Plugins/Interchange/Runtime/Content/Pipelines/DefaultAssetsPipeline.uasset" 954
"../../../Engine/Plugins/Interchange/Runtime/Content/Pipelines/DefaultGLTFAssetsPipeline.uexp" 955
"../../../Engine/Plugins/Interchange/Runtime/Content/Pipelines/DefaultGLTFAssetsPipeline.uasset" 956
"../../../Engine/Plugins/Interchange/Runtime/Content/Pipelines/DefaultGLTFPipeline.uexp" 957
"../../../Engine/Plugins/Interchange/Runtime/Content/Pipelines/DefaultGLTFPipeline.uasset" 958
"../../../Engine/Content/BasicShapes/Cube.ubulk" 959
"../../../Engine/Content/BasicShapes/Cube.uasset" 960
"../../../Engine/Content/BasicShapes/Cube.uexp" 961
"/Users/borisisac/Documents/UnrealProjects/ShooterLesson/Content/Data/CSB_ShakeShooting.uexp" 962
"/Users/borisisac/Documents/UnrealProjects/ShooterLesson/Content/Data/CSB_ShakeShooting.uasset" 963
"/Users/borisisac/Documents/UnrealProjects/ShooterLesson/Content/FPS_Weapon_Bundle/Weapons/Textures/KA74U/T_KA74U_ALB.uasset" 964
"/Users/borisisac/Documents/UnrealProjects/ShooterLesson/Content/FPS_Weapon_Bundle/Weapons/Textures/KA74U/T_KA74U_ALB.ubulk" 965
"/Users/borisisac/Documents/UnrealProjects/ShooterLesson/Content/FPS_Weapon_Bundle/Weapons/Textures/KA74U/T_KA74U_ALB.uexp" 966
"/Users/borisisac/Documents/UnrealProjects/ShooterLesson/Content/FPS_Weapon_Bundle/Weapons/Textures/KA74U/T_KA74U_NRM.ubulk" 967
"/Users/borisisac/Documents/UnrealProjects/ShooterLesson/Content/FPS_Weapon_Bundle/Weapons/Textures/KA74U/T_KA74U_NRM.uasset" 968
"/Users/borisisac/Documents/UnrealProjects/ShooterLesson/Content/FPS_Weapon_Bundle/Weapons/Textures/KA74U/T_KA74U_NRM.uexp" 969
"/Users/borisisac/Documents/UnrealProjects/ShooterLesson/Content/FPS_Weapon_Bundle/Weapons/Textures/KA74U/T_KA74U_M_MSK.ubulk" 970
"/Users/borisisac/Documents/UnrealProjects/ShooterLesson/Content/FPS_Weapon_Bundle/Weapons/Textures/KA74U/T_KA74U_M_MSK.uasset" 971
"/Users/borisisac/Documents/UnrealProjects/ShooterLesson/Content/FPS_Weapon_Bundle/Weapons/Textures/KA74U/T_KA74U_M_MSK.uexp" 972
"/Users/borisisac/Documents/UnrealProjects/ShooterLesson/Content/FPS_Weapon_Bundle/Weapons/Textures/Patterns/T_Stripes__Pattern.ubulk" 973
"/Users/borisisac/Documents/UnrealProjects/ShooterLesson/Content/FPS_Weapon_Bundle/Weapons/Textures/Patterns/T_Stripes__Pattern.uasset" 974
"/Users/borisisac/Documents/UnrealProjects/ShooterLesson/Content/FPS_Weapon_Bundle/Weapons/Textures/Patterns/T_Stripes__Pattern.uexp" 975
"/Users/borisisac/Documents/UnrealProjects/ShooterLesson/Content/FPS_Weapon_Bundle/Weapons/Materials/Master_Material/M_Weapon_Master_USE.uasset" 976
"/Users/borisisac/Documents/UnrealProjects/ShooterLesson/Content/FPS_Weapon_Bundle/Weapons/Materials/Master_Material/M_Weapon_Master_USE.uexp" 977
"/Users/borisisac/Documents/UnrealProjects/ShooterLesson/Content/FPS_Weapon_Bundle/Weapons/Textures/Ammunition/T_762x39_NRM.uasset" 978
"/Users/borisisac/Documents/UnrealProjects/ShooterLesson/Content/FPS_Weapon_Bundle/Weapons/Textures/Ammunition/T_762x39_NRM.ubulk" 979
"/Users/borisisac/Documents/UnrealProjects/ShooterLesson/Content/FPS_Weapon_Bundle/Weapons/Textures/Ammunition/T_762x39_NRM.uexp" 980
"/Users/borisisac/Documents/UnrealProjects/ShooterLesson/Content/FPS_Weapon_Bundle/Weapons/Textures/Ammunition/T_762x39_ALB.uasset" 981
"/Users/borisisac/Documents/UnrealProjects/ShooterLesson/Content/FPS_Weapon_Bundle/Weapons/Textures/Ammunition/T_762x39_ALB.ubulk" 982
"/Users/borisisac/Documents/UnrealProjects/ShooterLesson/Content/FPS_Weapon_Bundle/Weapons/Textures/Ammunition/T_762x39_ALB.uexp" 983
"/Users/borisisac/Documents/UnrealProjects/ShooterLesson/Content/FPS_Weapon_Bundle/Weapons/Textures/Ammunition/T_762x39_M_MSK.uexp" 984
"/Users/borisisac/Documents/UnrealProjects/ShooterLesson/Content/FPS_Weapon_Bundle/Weapons/Textures/Ammunition/T_762x39_M_MSK.ubulk" 985
"/Users/borisisac/Documents/UnrealProjects/ShooterLesson/Content/FPS_Weapon_Bundle/Weapons/Textures/Ammunition/T_762x39_M_MSK.uasset" 986
"/Users/borisisac/Documents/UnrealProjects/ShooterLesson/Content/FPS_Weapon_Bundle/Weapons/Materials/Ammunition/M_762x39_Empty.uexp" 987
"/Users/borisisac/Documents/UnrealProjects/ShooterLesson/Content/FPS_Weapon_Bundle/Weapons/Materials/Ammunition/M_762x39_Empty.uasset" 988
"/Users/borisisac/Documents/UnrealProjects/ShooterLesson/Content/FPS_Weapon_Bundle/Weapons/Textures/KA47/T_KA47_M_MSK.uasset" 989
"/Users/borisisac/Documents/UnrealProjects/ShooterLesson/Content/FPS_Weapon_Bundle/Weapons/Textures/KA47/T_KA47_M_MSK.uexp" 990
"/Users/borisisac/Documents/UnrealProjects/ShooterLesson/Content/FPS_Weapon_Bundle/Weapons/Textures/KA47/T_KA47_M_MSK.ubulk" 991
"/Users/borisisac/Documents/UnrealProjects/ShooterLesson/Content/FPS_Weapon_Bundle/Weapons/Textures/KA47/T_KA47_ALB.ubulk" 992
"/Users/borisisac/Documents/UnrealProjects/ShooterLesson/Content/FPS_Weapon_Bundle/Weapons/Textures/KA47/T_KA47_ALB.uexp" 993
"/Users/borisisac/Documents/UnrealProjects/ShooterLesson/Content/FPS_Weapon_Bundle/Weapons/Textures/KA47/T_KA47_ALB.uasset" 994
"/Users/borisisac/Documents/UnrealProjects/ShooterLesson/Content/FPS_Weapon_Bundle/Weapons/Textures/KA47/T_KA47_NRM.uasset" 995
"/Users/borisisac/Documents/UnrealProjects/ShooterLesson/Content/FPS_Weapon_Bundle/Weapons/Textures/KA47/T_KA47_NRM.uexp" 996
"/Users/borisisac/Documents/UnrealProjects/ShooterLesson/Content/FPS_Weapon_Bundle/Weapons/Textures/KA47/T_KA47_NRM.ubulk" 997
"/Users/borisisac/Documents/UnrealProjects/ShooterLesson/Content/FPS_Weapon_Bundle/Weapons/Materials/Ka47/M_KA47.uasset" 998
"/Users/borisisac/Documents/UnrealProjects/ShooterLesson/Content/FPS_Weapon_Bundle/Weapons/Materials/Ka47/M_KA47.uexp" 999
"/Users/borisisac/Documents/UnrealProjects/ShooterLesson/Content/FPS_Weapon_Bundle/Weapons/Meshes/Ka47/SK_KA47_Physics.uexp" 1000
"/Users/borisisac/Documents/UnrealProjects/ShooterLesson/Content/FPS_Weapon_Bundle/Weapons/Meshes/Ka47/SK_KA47_Physics.uasset" 1001
"/Users/borisisac/Documents/UnrealProjects/ShooterLesson/Content/FPS_Weapon_Bundle/Weapons/Meshes/Ka47/SK_KA47_Skeleton.uasset" 1002
"/Users/borisisac/Documents/UnrealProjects/ShooterLesson/Content/FPS_Weapon_Bundle/Weapons/Meshes/Ka47/SK_KA47_Skeleton.uexp" 1003
"/Users/borisisac/Documents/UnrealProjects/ShooterLesson/Content/FPS_Weapon_Bundle/Weapons/Meshes/Ka47/SK_KA47.uexp" 1004
"/Users/borisisac/Documents/UnrealProjects/ShooterLesson/Content/FPS_Weapon_Bundle/Weapons/Meshes/Ka47/SK_KA47.uasset" 1005
"/Users/borisisac/Documents/UnrealProjects/ShooterLesson/Content/FPS_Weapon_Bundle/BP_Weapon.uexp" 1006
"/Users/borisisac/Documents/UnrealProjects/ShooterLesson/Content/FPS_Weapon_Bundle/BP_Weapon.uasset" 1007
"/Users/borisisac/Documents/UnrealProjects/ShooterLesson/Content/Caracters/SwatCaracter/Ch15_nonPBR_Skeleton.uexp" 1008
"/Users/borisisac/Documents/UnrealProjects/ShooterLesson/Content/Caracters/SwatCaracter/Ch15_nonPBR_Skeleton.uasset" 1009
"../../../Engine/Plugins/Animation/ACLPlugin/Content/ACLAnimCurveCompressionSettings.uasset" 1010
"../../../Engine/Plugins/Animation/ACLPlugin/Content/ACLAnimCurveCompressionSettings.uexp" 1011
"../../../Engine/Plugins/Animation/ACLPlugin/Content/ACLAnimBoneCompressionSettings.uexp" 1012
"../../../Engine/Plugins/Animation/ACLPlugin/Content/ACLAnimBoneCompressionSettings.uasset" 1013
"../../../Engine/Content/Animation/DefaultVariableFrameStrippingSettings.uexp" 1014
"../../../Engine/Content/Animation/DefaultVariableFrameStrippingSettings.uasset" 1015
"/Users/borisisac/Documents/UnrealProjects/ShooterLesson/Content/Caracters/Animations/Firing_Rifle.uexp" 1016
"/Users/borisisac/Documents/UnrealProjects/ShooterLesson/Content/Caracters/Animations/Firing_Rifle.uasset" 1017
"/Users/borisisac/Documents/UnrealProjects/ShooterLesson/Content/Caracters/Animations/Firing_Rifle_Montage.uexp" 1018
"/Users/borisisac/Documents/UnrealProjects/ShooterLesson/Content/Caracters/Animations/Firing_Rifle_Montage.uasset" 1019
"/Users/borisisac/Documents/UnrealProjects/ShooterLesson/Content/Caracters/SwatCaracter/Ch15_nonPBR_PhysicsAsset.uexp" 1020
"/Users/borisisac/Documents/UnrealProjects/ShooterLesson/Content/Caracters/SwatCaracter/Ch15_nonPBR_PhysicsAsset.uasset" 1021
"../../../Engine/Content/EngineResources/DefaultTexture.uasset" 1022
"../../../Engine/Content/EngineResources/DefaultTexture.uexp" 1023
"../../../Engine/Content/EngineResources/DefaultTexture.ubulk" 1024
"../../../Engine/Content/EngineMaterials/DefaultNormal.uasset" 1025
"../../../Engine/Content/EngineMaterials/DefaultNormal.ubulk" 1026
"../../../Engine/Content/EngineMaterials/DefaultNormal.uexp" 1027
"../../../Engine/Content/Functions/Engine_MaterialFunctions03/Procedurals/NormalFromHeightmap.uexp" 1028
"../../../Engine/Content/Functions/Engine_MaterialFunctions03/Procedurals/NormalFromHeightmap.uasset" 1029
"../../../Engine/Plugins/Interchange/Assets/Content/Functions/MF_PhongToMetalRoughness.uexp" 1030
"../../../Engine/Plugins/Interchange/Assets/Content/Functions/MF_PhongToMetalRoughness.uasset" 1031
"../../../Engine/Plugins/Interchange/Assets/Content/Materials/FBXLegacyPhongSurfaceMaterial.uexp" 1032
"../../../Engine/Plugins/Interchange/Assets/Content/Materials/FBXLegacyPhongSurfaceMaterial.uasset" 1033
"/Users/borisisac/Documents/UnrealProjects/ShooterLesson/Content/Caracters/SwatCaracter/Textures/Ch15_1001_Diffuse.uexp" 1034
"/Users/borisisac/Documents/UnrealProjects/ShooterLesson/Content/Caracters/SwatCaracter/Textures/Ch15_1001_Diffuse.uasset" 1035
"/Users/borisisac/Documents/UnrealProjects/ShooterLesson/Content/Caracters/SwatCaracter/Textures/Ch15_1001_Diffuse.ubulk" 1036
"/Users/borisisac/Documents/UnrealProjects/ShooterLesson/Content/Caracters/SwatCaracter/Textures/Ch15_1001_Glossiness.uexp" 1037
"/Users/borisisac/Documents/UnrealProjects/ShooterLesson/Content/Caracters/SwatCaracter/Textures/Ch15_1001_Glossiness.uasset" 1038
"/Users/borisisac/Documents/UnrealProjects/ShooterLesson/Content/Caracters/SwatCaracter/Textures/Ch15_1001_Glossiness.ubulk" 1039
"/Users/borisisac/Documents/UnrealProjects/ShooterLesson/Content/Caracters/SwatCaracter/Textures/Ch15_1001_Specular.ubulk" 1040
"/Users/borisisac/Documents/UnrealProjects/ShooterLesson/Content/Caracters/SwatCaracter/Textures/Ch15_1001_Specular.uasset" 1041
"/Users/borisisac/Documents/UnrealProjects/ShooterLesson/Content/Caracters/SwatCaracter/Textures/Ch15_1001_Specular.uexp" 1042
"/Users/borisisac/Documents/UnrealProjects/ShooterLesson/Content/Caracters/SwatCaracter/Textures/Ch15_1001_Normal.ubulk" 1043
"/Users/borisisac/Documents/UnrealProjects/ShooterLesson/Content/Caracters/SwatCaracter/Textures/Ch15_1001_Normal.uasset" 1044
"/Users/borisisac/Documents/UnrealProjects/ShooterLesson/Content/Caracters/SwatCaracter/Textures/Ch15_1001_Normal.uexp" 1045
"/Users/borisisac/Documents/UnrealProjects/ShooterLesson/Content/Caracters/SwatCaracter/Textures/Ch15_body.uexp" 1046
"/Users/borisisac/Documents/UnrealProjects/ShooterLesson/Content/Caracters/SwatCaracter/Textures/Ch15_body.uasset" 1047
"/Users/borisisac/Documents/UnrealProjects/ShooterLesson/Content/Caracters/SwatCaracter/Textures/Ch15_1002_Diffuse.ubulk" 1048
"/Users/borisisac/Documents/UnrealProjects/ShooterLesson/Content/Caracters/SwatCaracter/Textures/Ch15_1002_Diffuse.uasset" 1049
"/Users/borisisac/Documents/UnrealProjects/ShooterLesson/Content/Caracters/SwatCaracter/Textures/Ch15_1002_Diffuse.uexp" 1050
"/Users/borisisac/Documents/UnrealProjects/ShooterLesson/Content/Caracters/SwatCaracter/Textures/Ch15_1002_Glossiness.ubulk" 1051
"/Users/borisisac/Documents/UnrealProjects/ShooterLesson/Content/Caracters/SwatCaracter/Textures/Ch15_1002_Glossiness.uasset" 1052
"/Users/borisisac/Documents/UnrealProjects/ShooterLesson/Content/Caracters/SwatCaracter/Textures/Ch15_1002_Glossiness.uexp" 1053
"/Users/borisisac/Documents/UnrealProjects/ShooterLesson/Content/Caracters/SwatCaracter/Textures/Ch15_1002_Normal.ubulk" 1054
"/Users/borisisac/Documents/UnrealProjects/ShooterLesson/Content/Caracters/SwatCaracter/Textures/Ch15_1002_Normal.uasset" 1055
"/Users/borisisac/Documents/UnrealProjects/ShooterLesson/Content/Caracters/SwatCaracter/Textures/Ch15_1002_Normal.uexp" 1056
"/Users/borisisac/Documents/UnrealProjects/ShooterLesson/Content/Caracters/SwatCaracter/Textures/Ch15_1002_Emissive.uasset" 1057
"/Users/borisisac/Documents/UnrealProjects/ShooterLesson/Content/Caracters/SwatCaracter/Textures/Ch15_1002_Emissive.uexp" 1058
"/Users/borisisac/Documents/UnrealProjects/ShooterLesson/Content/Caracters/SwatCaracter/Textures/Ch15_1002_Emissive.ubulk" 1059
"/Users/borisisac/Documents/UnrealProjects/ShooterLesson/Content/Caracters/SwatCaracter/Textures/Ch15_1002_Specular.uexp" 1060
"/Users/borisisac/Documents/UnrealProjects/ShooterLesson/Content/Caracters/SwatCaracter/Textures/Ch15_1002_Specular.ubulk" 1061
"/Users/borisisac/Documents/UnrealProjects/ShooterLesson/Content/Caracters/SwatCaracter/Textures/Ch15_1002_Specular.uasset" 1062
"/Users/borisisac/Documents/UnrealProjects/ShooterLesson/Content/Caracters/SwatCaracter/Textures/Ch15_body1.uexp" 1063
"/Users/borisisac/Documents/UnrealProjects/ShooterLesson/Content/Caracters/SwatCaracter/Textures/Ch15_body1.uasset" 1064
"/Users/borisisac/Documents/UnrealProjects/ShooterLesson/Content/Caracters/SwatCaracter/Ch15_nonPBR.uasset" 1065
"/Users/borisisac/Documents/UnrealProjects/ShooterLesson/Content/Caracters/SwatCaracter/Ch15_nonPBR.uexp" 1066
"/Users/borisisac/Documents/UnrealProjects/ShooterLesson/Content/Caracters/Widgets/MainCrosshair.uasset" 1067
"/Users/borisisac/Documents/UnrealProjects/ShooterLesson/Content/Caracters/Widgets/MainCrosshair.uexp" 1068
"/Users/borisisac/Documents/UnrealProjects/ShooterLesson/Content/Caracters/Widgets/WBPCrossHair.uexp" 1069
"/Users/borisisac/Documents/UnrealProjects/ShooterLesson/Content/Caracters/Widgets/WBPCrossHair.uasset" 1070
"/Users/borisisac/Documents/UnrealProjects/ShooterLesson/Content/Caracters/Widgets/AK47.uasset" 1071
"/Users/borisisac/Documents/UnrealProjects/ShooterLesson/Content/Caracters/Widgets/AK47.uexp" 1072
"/Users/borisisac/Documents/UnrealProjects/ShooterLesson/Content/Caracters/Widgets/Health.uexp" 1073
"/Users/borisisac/Documents/UnrealProjects/ShooterLesson/Content/Caracters/Widgets/Health.uasset" 1074
"/Users/borisisac/Documents/UnrealProjects/ShooterLesson/Content/Caracters/Widgets/WBP_MainWidget.uexp" 1075
"/Users/borisisac/Documents/UnrealProjects/ShooterLesson/Content/Caracters/Widgets/WBP_MainWidget.uasset" 1076
"/Users/borisisac/Documents/UnrealProjects/ShooterLesson/Content/Data/Inputs/IA_Move.uasset" 1077
"/Users/borisisac/Documents/UnrealProjects/ShooterLesson/Content/Data/Inputs/IA_Move.uexp" 1078
"/Users/borisisac/Documents/UnrealProjects/ShooterLesson/Content/Data/Inputs/IA_Shoot.uasset" 1079
"/Users/borisisac/Documents/UnrealProjects/ShooterLesson/Content/Data/Inputs/IA_Shoot.uexp" 1080
"/Users/borisisac/Documents/UnrealProjects/ShooterLesson/Content/Data/Inputs/IA_Look.uexp" 1081
"/Users/borisisac/Documents/UnrealProjects/ShooterLesson/Content/Data/Inputs/IA_Look.uasset" 1082
"/Users/borisisac/Documents/UnrealProjects/ShooterLesson/Content/Data/Inputs/IA_RunWalk.uexp" 1083
"/Users/borisisac/Documents/UnrealProjects/ShooterLesson/Content/Data/Inputs/IA_RunWalk.uasset" 1084
"/Users/borisisac/Documents/UnrealProjects/ShooterLesson/Content/Data/Inputs/IA_Aiming.uexp" 1085
"/Users/borisisac/Documents/UnrealProjects/ShooterLesson/Content/Data/Inputs/IA_Aiming.uasset" 1086
"/Users/borisisac/Documents/UnrealProjects/ShooterLesson/Content/Data/Inputs/IMC_Default_Buttons.uexp" 1087
"/Users/borisisac/Documents/UnrealProjects/ShooterLesson/Content/Data/Inputs/IMC_Default_Buttons.uasset" 1088
"/Users/borisisac/Documents/UnrealProjects/ShooterLesson/Content/Data/Sounds/AK_Sound_Wav.uasset" 1089
"/Users/borisisac/Documents/UnrealProjects/ShooterLesson/Content/Data/Sounds/AK_Sound_Wav.uexp" 1090
"/Users/borisisac/Documents/UnrealProjects/ShooterLesson/Content/Data/Sounds/AK_Sound_Wav.ubulk" 1091
"/Users/borisisac/Documents/UnrealProjects/ShooterLesson/Content/Data/Sounds/EmptyAK.ubulk" 1092
"/Users/borisisac/Documents/UnrealProjects/ShooterLesson/Content/Data/Sounds/EmptyAK.uexp" 1093
"/Users/borisisac/Documents/UnrealProjects/ShooterLesson/Content/Data/Sounds/EmptyAK.uasset" 1094
"/Users/borisisac/Documents/UnrealProjects/ShooterLesson/Content/Caracters/Animations/Rifle_Aiming_Idle.uasset" 1095
"/Users/borisisac/Documents/UnrealProjects/ShooterLesson/Content/Caracters/Animations/Rifle_Aiming_Idle.uexp" 1096
"/Users/borisisac/Documents/UnrealProjects/ShooterLesson/Content/Caracters/Animations/Rifle_Idle.uasset" 1097
"/Users/borisisac/Documents/UnrealProjects/ShooterLesson/Content/Caracters/Animations/Rifle_Idle.uexp" 1098
"/Users/borisisac/Documents/UnrealProjects/ShooterLesson/Content/Caracters/Animations/Walking_Backwards.uexp" 1099
"/Users/borisisac/Documents/UnrealProjects/ShooterLesson/Content/Caracters/Animations/Walking_Backwards.uasset" 1100
"/Users/borisisac/Documents/UnrealProjects/ShooterLesson/Content/Caracters/Animations/Walk_Left.uasset" 1101
"/Users/borisisac/Documents/UnrealProjects/ShooterLesson/Content/Caracters/Animations/Walk_Left.uexp" 1102
"/Users/borisisac/Documents/UnrealProjects/ShooterLesson/Content/Caracters/Animations/Run_Forward.uasset" 1103
"/Users/borisisac/Documents/UnrealProjects/ShooterLesson/Content/Caracters/Animations/Run_Forward.uexp" 1104
"/Users/borisisac/Documents/UnrealProjects/ShooterLesson/Content/Caracters/Animations/Walk_Forward.uasset" 1105
"/Users/borisisac/Documents/UnrealProjects/ShooterLesson/Content/Caracters/Animations/Walk_Forward.uexp" 1106
"/Users/borisisac/Documents/UnrealProjects/ShooterLesson/Content/Caracters/Animations/Walk_Right.uexp" 1107
"/Users/borisisac/Documents/UnrealProjects/ShooterLesson/Content/Caracters/Animations/Walk_Right.uasset" 1108
"/Users/borisisac/Documents/UnrealProjects/ShooterLesson/Content/Caracters/Animations/BS_Aiming.uexp" 1109
"/Users/borisisac/Documents/UnrealProjects/ShooterLesson/Content/Caracters/Animations/BS_Aiming.uasset" 1110
"/Users/borisisac/Documents/UnrealProjects/ShooterLesson/Content/Caracters/Animations/ABP_Move.uexp" 1111
"/Users/borisisac/Documents/UnrealProjects/ShooterLesson/Content/Caracters/Animations/ABP_Move.uasset" 1112
"/Users/borisisac/Documents/UnrealProjects/ShooterLesson/Content/Caracters/SwatCaracter/BP_Swat_Caracter.uasset" 1113
"/Users/borisisac/Documents/UnrealProjects/ShooterLesson/Content/Caracters/SwatCaracter/BP_Swat_Caracter.uexp" 1114
"/Users/borisisac/Documents/UnrealProjects/ShooterLesson/Content/Data/GM_Main_Game.uasset" 1115
"/Users/borisisac/Documents/UnrealProjects/ShooterLesson/Content/Data/GM_Main_Game.uexp" 1116
"/Users/borisisac/Documents/UnrealProjects/ShooterLesson/Content/FPS_Weapon_Bundle/Weapons/Meshes/Ka47/SM_KA47_Mag.uasset" 1117
"/Users/borisisac/Documents/UnrealProjects/ShooterLesson/Content/FPS_Weapon_Bundle/Weapons/Meshes/Ka47/SM_KA47_Mag.ubulk" 1118
"/Users/borisisac/Documents/UnrealProjects/ShooterLesson/Content/FPS_Weapon_Bundle/Weapons/Meshes/Ka47/SM_KA47_Mag.uexp" 1119
"/Users/borisisac/Documents/UnrealProjects/ShooterLesson/Content/FPS_Weapon_Bundle/BP_Munitions.uasset" 1120
"/Users/borisisac/Documents/UnrealProjects/ShooterLesson/Content/FPS_Weapon_Bundle/BP_Munitions.uexp" 1121
"../../../Engine/Content/BasicShapes/BasicShapeMaterial.uexp" 1122
"../../../Engine/Content/BasicShapes/BasicShapeMaterial.uasset" 1123
"../../../Engine/Content/EngineSky/VolumetricClouds/T_CloudMask.uasset" 1124
"../../../Engine/Content/EngineSky/VolumetricClouds/T_CloudMask.uexp" 1125
"../../../Engine/Content/EngineSky/VolumetricClouds/T_CloudMask.ubulk" 1126
"../../../Engine/Content/EngineSky/VolumetricClouds/T_Profile_08.uasset" 1127
"../../../Engine/Content/EngineSky/VolumetricClouds/T_Profile_08.uexp" 1128
"../../../Engine/Content/EngineSky/VolumetricClouds/T_Profile_08.ubulk" 1129
"../../../Engine/Content/Functions/Engine_MaterialFunctions02/Utility/BreakOutFloat4Components.uasset" 1130
"../../../Engine/Content/Functions/Engine_MaterialFunctions02/Utility/BreakOutFloat4Components.uexp" 1131
"../../../Engine/Content/Functions/Engine_MaterialFunctions02/Utility/MakeFloat4.uexp" 1132
"../../../Engine/Content/Functions/Engine_MaterialFunctions02/Utility/MakeFloat4.uasset" 1133
"../../../Engine/Content/EngineResources/DefaultVolumeTexture2D.uexp" 1134
"../../../Engine/Content/EngineResources/DefaultVolumeTexture2D.uasset" 1135
"../../../Engine/Content/EngineResources/DefaultVolumeTexture.uexp" 1136
"../../../Engine/Content/EngineResources/DefaultVolumeTexture.uasset" 1137
"../../../Engine/Content/EngineSky/VolumetricClouds/VT_Lightning.uexp" 1138
"../../../Engine/Content/EngineSky/VolumetricClouds/VT_Lightning.uasset" 1139
"../../../Engine/Content/Functions/Engine_MaterialFunctions01/Units/Km-to-Cm.uasset" 1140
"../../../Engine/Content/Functions/Engine_MaterialFunctions01/Units/Km-to-Cm.uexp" 1141
"../../../Engine/Content/EngineSky/VolumetricClouds/m_SimpleVolumetricCloud.uasset" 1142
"../../../Engine/Content/EngineSky/VolumetricClouds/m_SimpleVolumetricCloud.uexp" 1143
"../../../Engine/Content/EngineSky/VolumetricClouds/T_CloudPattern.ubulk" 1144
"../../../Engine/Content/EngineSky/VolumetricClouds/T_CloudPattern.uexp" 1145
"../../../Engine/Content/EngineSky/VolumetricClouds/T_CloudPattern.uasset" 1146
"../../../Engine/Content/EngineSky/VolumetricClouds/VT_PerlinWorley_Balanced.uexp" 1147
"../../../Engine/Content/EngineSky/VolumetricClouds/VT_PerlinWorley_Balanced.uasset" 1148
"../../../Engine/Content/EngineSky/VolumetricClouds/m_SimpleVolumetricCloud_Inst.uexp" 1149
"../../../Engine/Content/EngineSky/VolumetricClouds/m_SimpleVolumetricCloud_Inst.uasset" 1150
"../../../Engine/Content/EditorResources/BadBlueprintSprite.uexp" 1151
"../../../Engine/Content/EditorResources/BadBlueprintSprite.uasset" 1152
"../../../Engine/Content/EditorResources/BadBlueprintSprite.ubulk" 1153
"/Users/borisisac/Documents/UnrealProjects/ShooterLesson/Content/Maps/FirstLevel.uexp" 1154
"/Users/borisisac/Documents/UnrealProjects/ShooterLesson/Content/Maps/FirstLevel.umap" 1155
"../../../Engine/Content/Maps/Entry_BuiltData.uexp" 1156
"../../../Engine/Content/Maps/Entry_BuiltData.uasset" 1157
"../../../Engine/Content/Maps/Entry.umap" 1158
"../../../Engine/Content/Maps/Entry.uexp" 1159
